0,1
-60.55299,-15.786838
-61.873634,-15.306081
-61.369984,-14.857218
-20.085735,-36.941196
-20.144178,-36.89898
-1.2670251,24.901155
-1.2553359,24.877531
-18.279205,-31.205696
-3.0542202,-50.72707
-19.803152,-37.097538
0.9929616,-48.515938
-20.489119,-36.51068
-15.086611,-32.104053
13.162314,-41.144726
-0.9826941,-44.750214
-58.969433,29.426426
-58.97413,29.360516
-58.890266,28.856445
42.31341,3.6888218
-47.560547,15.126174
-1.6688757,-35.544037
-23.455189,-43.139957
-23.44296,-43.147003
-23.424006,-43.16287
-40.72078,-9.41788
-1.117193,-35.575985
15.542558,6.825663
-23.422356,-43.169796
-20.486425,-38.810604
-8.286208,-26.521519
-59.819294,31.507444
-1.0541978,15.456373
1.012217,34.661324
-61.519524,-15.291902
-61.857197,-15.471324
-61.876354,-15.469502
-3.5014348,-56.957386
-3.6122634,-57.317406
-2.0421999,-58.20606
-3.5451112,-57.026073
3.9401016,-32.91823
1.5584795,-47.424446
-2.2913885,5.6046267
-2.2925541,5.6056294
2.5803757,-47.105476
1.6136506,-47.185963
36.446346,-23.572557
36.44752,-23.569092
36.447388,-23.56922
36.43891,-23.587812
36.448715,-23.560406
-3.48412,-8.001194
23.23321,-25.033327
-3.4425726,-8.121086
-22.01986,-20.773342
-21.382843,-21.959776
-21.982204,-21.600676
-21.94736,-21.682945
23.240362,-25.054377
1.0246898,34.719563
-24.070307,-22.653824
-4.811049,14.057564
-24.105911,-22.62191
-20.115324,-26.367714
-19.613188,-26.387432
-24.577011,-21.83
-4.465775,14.12435
-47.566277,15.093659
14.758009,-42.898693
10.205392,9.38953
1.94784,37.954983
61.280537,-27.871384
61.32152,-27.862555
-31.58324,-48.638718
10.219688,9.406514
-9.2627535,-30.992397
12.787739,-47.83865
12.78509,-47.838737
12.550393,-42.571198
42.42446,48.057407
42.232307,48.33399
13.543205,-43.647655
13.521699,-43.66352
14.857291,-43.008064
13.936404,-43.73068
5.197738,19.559086
18.667683,-66.846695
38.943226,-19.241503
68.668625,-28.456682
70.26618,-29.498062
70.0729,-26.716326
70.98213,-27.870464
33.499813,56.995148
33.514732,57.000908
-50.12728,18.398022
-15.112241,28.02075
-15.214334,27.904568
-15.475526,27.66768
-15.246517,27.872557
-50.294067,20.222649
-50.286423,20.143793
-50.27544,20.052935
-48.929787,16.114017
-48.999004,16.163628
-48.99532,16.11266
-48.905823,15.981677
-49.82436,17.993816
-50.023735,18.387949
-51.232487,18.288017
-51.300354,18.27113
-51.29999,18.271376
-50.190315,18.812521
-50.192585,18.86121
-50.30995,18.410337
-49.046974,18.70476
-49.173637,18.657875
-50.16886,18.088274
-48.59192,14.877257
-2.733614,37.693035
-28.56195,52.882843
-28.866219,51.9044
-28.538656,52.93947
-28.663357,52.177242
-28.686409,52.146114
-28.674942,52.17101
-27.667156,52.161312
-0.21990556,38.388474
-1.0573608,38.41881
-3.547188,-7.830832
-0.2556816,38.427124
-0.4878178,38.989773
-26.150148,52.37737
-27.231668,52.34495
-27.224234,52.310986
-27.671413,52.8833
-27.640842,52.821625
-0.27030718,38.359173
-0.17680702,38.405926
-27.701977,52.159763
-3.0588617,-50.712162
-0.62956536,13.273374
-4.382522,-47.5942
-5.0351744,-50.81754
22.222076,-13.382121
4.0117416,22.173056
4.874395,21.65504
4.5107436,21.529121
22.146898,-13.368899
3.617807,21.887823
4.239245,21.063469
3.9308264,21.154997
22.22705,-13.38206
4.1472635,22.121153
4.887959,21.676687
4.5418897,21.526342
22.157127,-13.3712435
3.684041,21.818068
4.2643647,21.072603
3.950155,21.1415
-4.4381213,-66.74764
-4.3147345,-66.261185
-4.359888,7.8633585
-35.643585,-24.432196
-35.962852,-25.279285
-3.6924067,-65.68609
-34.957085,-24.98028
-35.33516,-24.87791
-35.30398,-23.440018
-35.044193,-21.321201
-35.231476,-21.462347
-35.278534,-23.451374
-33.60812,-25.02884
-33.886105,-23.866024
-34.50619,-24.55283
-34.50619,-24.55283
-34.98817,-24.416468
-34.500195,-24.585394
-33.379448,-25.067116
-78.31654,-2.2585964
-36.59918,-22.492416
-34.344055,-25.757898
-75.61015,-5.059447
-34.9519,-22.421938
-34.29848,-24.576643
24.31189,-39.45223
-33.62184,-23.12076
1.343676,-57.438026
-39.580063,-9.984854
1.2878573,-57.450672
0.98283887,-57.203815
-31.953798,0.025768109
-18.609343,-4.51808
-2.436159,-61.951202
-2.452552,-61.985382
-2.9221108,-64.57305
-2.9153235,-64.57502
-53.834373,-37.154457
-53.912437,-37.047203
-52.235764,-37.943657
-52.543854,-37.926376
-52.000313,-37.49063
-52.19343,-36.929226
-52.816326,-37.46703
-52.17558,-36.870487
-52.20492,-36.920223
-52.206192,-36.918972
-52.193775,-36.90809
-49.408813,-38.476437
-48.86834,-37.782482
-49.3016,-38.0481
-49.36294,-37.798527
-45.913452,-36.241535
-49.067978,-37.097656
-51.97707,-32.36263
-52.576515,-34.6744
-53.056152,-34.46408
-51.879925,-34.125397
-51.882626,-34.125896
-52.874313,-33.970177
-53.311104,-31.585203
-53.18298,-31.678665
-53.179188,-31.712664
-53.52589,-31.191973
-49.13231,-37.426064
-49.12367,-37.44846
-51.852726,-32.787037
-51.86503,-32.910595
-51.923203,-33.015495
-52.867455,-33.49914
-51.26594,-34.273903
-51.306587,-34.20042
-51.436123,-34.127655
-51.396103,-34.09797
-51.279438,-32.92571
-49.93822,-32.031548
-50.08727,-32.133152
-50.109005,-32.14535
-51.222637,-32.782604
-53.317562,-31.556307
-0.680832,-27.852701
-0.1301721,-28.315662
-0.13022293,-28.31559
-25.521746,-23.693615
-25.521746,-23.693615
-0.14247438,-28.52449
1.1252706,-28.666182
-0.106452845,-28.37523
-2.7955592,-27.934595
1.5859146,-28.601873
5.3005233,-51.068287
13.911029,4.965657
-29.282948,-25.68397
3.706877,40.013294
3.1431365,-10.87985
3.149148,-10.768745
3.149148,-10.768745
3.1374743,-10.746934
-31.977184,-0.32857853
-34.248734,-1.7672415
-33.830204,-1.1362848
-33.943928,-1.2330384
-35.92705,-2.652886
-36.000313,-2.6629124
-33.586178,-0.9926506
-33.678032,-1.0615369
-35.883823,-1.9942523
-35.948803,-1.9716686
-33.063946,-1.0130211
-77.18678,-4.346203
-78.13278,-3.4308634
-79.23271,-2.3789103
-77.747475,-1.4955328
-79.17567,-2.4226668
-75.98595,-4.7273326
-34.522354,-24.57859
-76.49161,-1.4447936
-78.17868,-0.44841722
-78.77426,-3.3830528
-77.8719,-0.96134764
-77.654564,-1.4946222
-77.75652,-1.4963915
-75.92627,-4.7651057
-78.07849,-3.5082445
-77.35028,-1.599251
-79.17076,-1.9339744
-78.068665,-3.27674
-76.65625,-3.5354698
-77.87618,-0.9342289
-77.36588,-1.595444
-77.734634,-1.4785683
-18.666924,-31.820612
-20.426422,-27.782896
-22.938435,-31.354029
-22.862638,-31.405167
-22.946701,-31.354149
-23.020452,-31.298029
-22.996767,-31.334503
-23.17334,-32.380253
-22.643894,-31.602503
-22.898693,-31.441374
-1.0510538,16.08042
-0.84811825,16.343452
-1.0752344,16.144531
40.686455,12.635172
40.278404,12.635843
37.069405,51.442154
42.20428,48.36406
-48.665386,13.4262295
-48.93383,13.576629
-18.584684,-31.870876
-53.618008,12.48869
-53.565063,12.474201
-53.96112,12.711444
-54.36769,12.729988
-53.520306,12.417673
-33.10105,-2.5895007
-33.165665,-2.1637692
-31.200901,-3.6292043
-31.21737,-3.6090503
10.964392,8.057636
36.10387,1.2128549
-41.328304,-10.105394
-2.5466728,-56.77405
-35.65888,-21.425467
-5.1485305,-65.213264
-4.0521064,-65.48199
-3.6192546,-65.72076
-35.77866,-26.53012
-5.1505675,-65.213776
-4.153505,-65.49563
-36.494865,-21.996876
-3.7273464,-65.633286
-36.154606,-21.646969
63.59348,-26.222143
63.597343,-26.219202
63.63534,-26.185757
38.29802,-17.982147
37.66329,-18.395836
37.89415,-17.463419
37.766506,-17.464338
36.391876,-17.072023
36.384834,-17.065083
14.865247,-42.611126
38.913258,-18.325434
39.27449,-18.333971
15.448712,-42.669376
16.5643,-41.30715
16.587612,-41.279022
38.156116,-18.606789
36.497986,-17.06886
-18.356558,32.342396
-12.845179,39.72818
-60.7006,29.957983
-60.736004,29.95312
-60.797256,29.959831
-60.828346,29.954294
-60.634274,29.913946
49.957542,20.749687
5.8927355,22.409258
-45.7293,-17.586927
4.7918863,22.74115
4.9848313,21.091976
4.551864,24.150043
4.696422,24.230446
4.727684,22.166298
4.878216,22.28401
2.8982365,21.427515
6.850213,22.093592
6.136871,21.494394
3.5263717,24.334007
9.687921,-0.013985033
9.687972,-0.013997109
14.139492,49.764004
14.712195,50.426266
15.223524,50.696278
15.734048,50.546722
15.359781,51.35446
15.433461,51.377586
15.657262,51.14644
19.797731,47.867844
16.246841,52.44884
16.906143,51.626118
16.44197,51.23039
13.204665,51.19276
13.054534,51.506443
13.086344,51.121227
15.838076,49.721657
15.945607,49.73272
15.544847,49.826054
15.840632,49.86241
15.840774,49.862404
16.344828,52.325047
16.345274,52.325222
16.344963,52.325424
17.424755,52.197437
17.424755,52.197437
17.425863,52.20078
17.549614,52.056404
17.549614,52.056404
17.550293,52.059635
19.924387,47.444466
17.248064,49.071594
18.937593,51.230576
19.052515,51.1509
19.355608,50.55984
19.920313,47.451443
17.223835,49.018272
18.967846,51.284103
19.098679,51.213367
19.34728,50.559624
19.952791,47.422127
17.503983,48.97239
19.430214,51.43229
19.706173,51.099045
19.953049,47.42637
17.47692,48.91868
20.124783,47.39898
16.841692,48.35742
19.411331,52.241226
16.76866,48.124195
19.667208,52.27937
17.225187,49.01806
19.100477,51.213074
17.377607,48.585247
19.906582,51.3481
36.227997,-17.390024
39.92474,-14.663114
-24.236568,-22.400333
-23.7805,-23.046787
36.382442,-6.1999745
-36.614155,-36.940197
-33.765297,-36.80085
-33.769016,-36.801727
-36.088306,-37.28972
-36.084007,-37.28644
-36.112698,-37.41233
-36.035767,-37.30543
-34.990807,-37.18625
-36.214703,-37.2296
-36.211094,-37.229374
-36.55249,-36.962723
73.07644,-27.158268
-32.28681,-2.057381
-21.454346,-37.244835
-1.2898523,-44.283993
-59.01855,29.496935
-59.2263,29.534466
14.423033,6.8649707
-1.6297624,21.68189
7.616059,6.407691
28.860943,-31.859276
28.448273,-30.666859
28.404226,-30.653677
28.404707,-30.656063
27.911655,-31.858171
27.910858,-31.856743
27.911655,-31.858171
27.906347,-31.862688
27.905273,-31.862041
27.906347,-31.862688
34.20558,25.195646
33.127594,25.821188
33.900143,25.495193
33.24214,25.173542
33.233173,25.167936
33.24456,25.184923
34.502605,26.073542
33.993793,26.008396
33.507324,25.851036
33.49872,25.84083
33.25596,26.35026
2.0273066,-47.864235
-57.276405,31.342426
-3.4039826,-64.25637
-2.1585767,-56.54147
-57.38038,31.280682
-58.56025,31.035135
-20.822117,-37.631344
-20.454128,-30.358593
-3.0769691,16.764866
-47.06113,-11.072516
-20.68079,-38.23285
-20.435005,-30.383583
15.366966,-13.194912
-20.466873,-30.385897
-24.832653,-27.957752
-3.2411928,16.903667
-3.6827943,17.282734
-3.9961348,17.543985
-36.461567,-1.803784
-36.583435,-2.3561974
-34.41274,-0.79025465
-34.490948,-0.9194232
6.7431307,-31.839363
6.734201,-31.826067
-0.6385343,-32.163143
30.878849,-36.27044
30.781912,-36.22384
31.07773,-36.303364
31.461899,-35.9474
30.850851,-35.15395
30.951435,-35.23178
31.52796,-35.934647
31.16177,-35.28211
30.993551,-35.232254
-18.800602,21.678015
-16.768398,24.111887
-16.91141,23.94213
-16.803741,24.06227
-39.51983,-16.9814
-17.564138,21.304049
-17.331121,21.227173
-19.063639,22.327963
-18.868572,22.583748
-19.800665,21.054499
-18.973751,21.54758
-18.738333,21.686693
-19.786198,20.596685
-19.771917,21.11109
-20.200304,21.191227
-19.795572,20.596155
-19.867887,19.836143
-19.80497,20.098328
-18.870243,21.622128
-20.67815,21.213718
-22.969173,22.171705
-22.959606,22.168186
-22.954937,22.169476
-19.325552,22.531954
-19.268536,22.499727
-19.351477,22.57816
11.484524,-61.83754
11.488335,-61.837433
5.349167,-54.218815
-28.064013,-10.560305
22.816212,-61.009
22.81518,-61.01101
20.632172,-66.06183
20.946756,-65.664
30.892397,-35.189217
-60.57326,-16.41055
-61.157925,-16.560942
-60.602207,-16.462484
-7.782622,10.672944
-7.7881327,10.688002
-20.46838,-36.45447
22.16821,-45.23898
13.800772,-42.509895
38.67478,-18.305847
38.70307,-17.938004
38.77388,-17.660511
38.746075,-17.031849
7.482425,4.045548
5.425164,3.9702723
5.753557,4.7946534
9.482502,2.7282622
9.498267,2.723934
9.4785595,2.7315226
7.5951357,3.4479194
34.045883,7.04973
34.17348,7.0727487
7.4188476,3.964894
6.1662006,4.2712007
6.1795835,4.0497007
5.8162313,3.7641933
5.833378,4.730316
7.22611,1.9276763
5.7267003,3.8379695
20.165863,-9.994556
-3.1708138,-14.170209
35.806274,7.490906
5.468402,2.2528136
5.990603,2.6021385
5.370908,2.9153883
5.986005,3.199293
5.517462,3.1528878
71.44986,-21.324009
71.45093,-21.316551
71.45177,-21.309444
71.4522,-21.305935
71.471794,-21.14475
-50.663563,6.7650113
-50.905632,7.1796527
-51.94156,6.4949946
-59.60152,-6.579312
-50.136753,6.478062
-59.60301,-6.578237
-50.146923,6.4745293
-49.886124,6.889799
45.304855,-46.086727
44.395275,-46.111378
45.054157,-45.628418
45.21523,-46.083984
44.340126,-46.187683
47.68127,-48.32485
44.987267,-45.67283
44.91971,-46.714264
44.223736,-46.906113
44.933952,-46.73398
44.284065,-46.942905
45.56754,-47.345318
45.00214,-47.68317
47.177586,-48.694016
45.578064,-47.366333
45.04438,-47.71448
47.717655,-48.129383
46.04724,-45.889942
-56.863346,31.372498
-45.87741,-16.529652
43.767273,-45.2081
43.250385,-44.992752
-45.884445,-16.484377
44.586136,-43.545177
15.668176,-13.979635
47.493565,-47.235134
19.246628,-17.393597
-5.7160015,-2.7174554
-6.486837,-4.4023933
-39.487434,-16.930197
-5.724165,-2.7300143
-39.005386,-8.774525
6.8433695,8.549737
37.44958,-18.68927
37.52138,-18.34403
3.5307007,-46.952335
3.8604252,-46.59526
22.505192,-51.45402
23.463654,-52.272587
5.425016,-54.149876
3.5981977,-46.93284
-28.499184,-25.908243
26.186777,-58.447823
22.403818,-51.117878
3.7837305,-46.7303
2.9880445,-27.844007
12.808906,-41.378433
-60.795387,29.208706
-60.756596,29.288065
12.888871,-41.293472
40.675323,-18.26737
39.21337,-18.06481
40.6622,-18.266436
39.16503,-17.697584
0.74223614,-17.33128
0.7586413,-17.324585
0.7422397,-17.330835
-7.0159616,-25.753908
-6.365585,-25.83282
-7.003211,-25.7377
-6.775224,-25.15532
-6.9830346,-25.692123
-6.2195573,-25.79786
-6.354241,-25.825304
25.06233,-27.71095
36.39878,1.2301868
25.262878,-27.846432
25.298973,-27.82565
25.258463,-27.868132
-2.5114107,-54.47439
-2.4286048,-54.507324
-2.5287392,-54.5466
-29.320923,-40.505646
-58.542168,31.412151
-29.098759,-40.260612
-1.6833053,-58.129032
-2.182367,-56.55371
-28.23653,-39.512337
-0.8468666,-50.945545
-16.930365,-28.167337
0.28846735,-50.20983
0.5645674,-50.071358
-3.2112048,10.053791
47.49176,5.7766047
16.505743,13.440349
16.501368,13.435439
16.494461,13.455732
18.143978,13.774349
18.200302,13.879168
16.489735,13.433429
16.220604,13.442315
-14.142803,-0.42852736
-11.254836,33.562607
18.477703,8.40756
-61.28131,-20.040766
-61.283222,-20.037554
16.992348,-27.942736
17.046162,-27.821619
17.048574,-27.810858
18.485588,8.404745
-61.329132,-20.028215
-17.309624,-28.540474
-3.2614167,10.243991
9.946656,8.327267
-17.200323,-28.505438
-0.038030844,-49.33369
-0.1392154,-49.41924
-3.6424618,-56.008667
29.559948,-55.594254
29.560165,-55.591595
48.378918,-6.916915
48.365112,-6.8889875
48.42277,-6.9504695
48.399124,-6.9465237
48.387302,-6.926722
48.36744,-6.8894796
68.1332,-30.71705
21.985226,-45.61345
22.180368,-45.2368
22.167637,-45.251514
37.327892,-7.1284304
37.289482,-7.1320906
30.156399,-21.98478
30.154902,-21.997324
30.154064,-22.006794
30.157948,-21.973755
-21.185875,-66.06506
-23.76629,-68.39445
-21.186728,-66.06827
-21.185476,-66.06951
-23.785957,-68.34081
-23.778637,-68.357994
-16.934343,-20.151024
-16.934343,-20.151024
-16.93709,-20.148062
-16.93709,-20.148062
-17.372347,-18.942896
-17.371862,-18.94116
-17.400398,-18.689865
1.939231,-24.859747
1.9474419,-24.859417
2.013063,-24.855694
1.6981051,-23.97141
1.6934992,-23.945623
1.6671165,-23.843588
-2.5304134,34.58541
-8.292501,26.460123
1.2913816,36.65437
1.5479487,36.83548
17.164047,-27.581627
40.00189,24.356684
40.005287,24.411737
15.812165,-12.074971
1.5042725,37.496185
1.5432798,37.48932
-10.046106,51.056805
27.011864,-49.30302
27.076357,-46.6991
26.953388,-47.156124
26.96951,-47.1311
27.009499,-47.042217
27.699205,-46.664425
27.411564,-46.61495
27.437086,-46.54989
27.4324,-46.598488
27.454384,-46.574722
-82.16986,7.376006
-82.17214,7.375741
15.976795,-12.116524
-32.535137,3.092172
-32.541576,3.0955467
-50.24843,13.07417
-1.822668,-35.564907
-9.493051,37.797905
17.345179,24.671629
17.414034,24.18403
17.288841,24.704538
18.097452,28.584576
16.21641,24.614624
16.495474,23.970434
16.507624,23.910833
19.452414,22.519981
16.767181,23.40244
17.15756,23.029789
16.610748,23.485415
16.516418,23.471174
16.347837,23.223589
14.926649,22.575718
16.35917,23.442263
16.182358,23.425167
15.170839,24.242477
15.516969,23.793108
15.171799,24.288048
-37.31154,10.266272
12.928275,-35.35953
0.027162949,-47.639202
0.24429643,-47.451576
12.945108,-35.34303
-1.7879921,8.001583
0.090723746,-47.59507
-1.3422579,7.2051864
0.6605768,-41.93601
1.8463781,-43.866196
-2.5207741,3.1535003
-1.2412301,7.177357
-30.909456,-26.615236
-30.863035,-26.578573
-30.920444,-26.63216
-2.5210655,3.1533597
13.779828,-35.425793
1.8458143,-43.86526
-0.63820267,-50.772915
-0.3749763,-50.508762
-36.606483,-48.513763
13.783811,-35.435642
-37.297985,10.295486
-30.86016,-26.5696
-35.70652,9.840917
-35.654526,9.7954855
-36.401173,10.018132
-59.620514,-11.868776
-57.095196,-12.755316
-60.996746,-12.645712
71.19275,-10.659696
71.970314,-11.452223
71.29744,-11.747974
71.19343,-10.659589
71.97301,-11.451945
71.29642,-11.749806
70.95472,-10.786654
71.88824,-11.355928
71.15638,-11.729541
70.79905,-10.847136
71.94328,-11.1999035
70.94852,-11.774188
70.8145,-10.816097
71.961845,-11.178335
70.93553,-11.773451
71.54963,-12.494927
71.55159,-12.49436
71.44327,-12.493968
72.22073,-12.112752
72.22232,-12.112498
-2.9654434,-50.534245
-3.0229301,-49.89598
12.190594,-42.79033
12.248346,-42.793373
-3.0126085,-50.57814
-16.715261,-42.16306
-18.255981,-34.160294
-16.706295,-42.156742
-18.09481,-34.277664
-16.519548,-42.05295
-17.477304,-35.138172
-59.839355,30.135664
-59.203228,30.43894
-1.5227418,-75.843056
-16.788479,-44.79902
-16.870222,-44.163143
-16.921553,-44.16075
-18.014282,-42.13285
-18.014318,-42.132824
-18.152788,-42.223072
18.251335,14.536025
18.349644,14.422462
18.341902,14.412026
16.58185,14.558327
16.587727,14.519294
16.574919,14.560192
16.565718,14.5303
-2.8677657,-27.95708
-14.506012,-34.621735
5.76418,32.14068
5.717519,32.167805
5.275584,32.17786
5.758659,32.186554
5.717726,32.2224
5.2845287,32.21191
15.27334,-12.339604
6.176877,32.089653
5.3461485,30.288101
5.3352747,30.240395
49.959015,20.742016
-61.12732,-16.484367
-61.227165,-16.439594
-61.236454,-16.521345
39.661907,3.101858
39.66294,3.1228344
37.826748,3.6937304
39.637817,3.145101
39.678947,2.8618233
37.790585,3.7162662
37.801544,3.7121527
9.205319,-58.00022
9.724007,-59.171417
8.8396435,-57.499413
9.915316,-59.291847
33.34514,-63.81306
32.89844,-65.41248
-3.8287246,-2.3592966
-3.6858046,-2.1628292
-22.201492,-20.64945
-60.60701,-11.839213
-62.388943,-12.31139
-61.929028,-11.723248
-59.14948,-4.137403
-59.55974,-3.5404987
-60.660446,-2.977283
-59.636658,-2.8260808
-53.90046,4.166103
-53.94542,4.0811934
-53.17394,3.7538779
-56.734264,-5.1740127
-56.788696,-5.171219
-56.74757,-5.1726203
-60.052086,-2.6342824
-47.729656,13.392805
-47.669388,13.374696
-47.672234,13.375776
15.156343,-69.34952
15.320098,-69.88583
15.30534,-69.89132
16.036673,-70.36091
-20.327173,-42.94763
-21.445337,-44.76819
39.240025,2.5771403
39.6307,2.840271
-35.456585,11.929023
0.0010917756,4.0389676
30.828585,8.218036
-35.449127,11.881807
2.0620568,4.965923
0.78905904,4.553851
0.79635507,4.6691227
0.5535544,4.5525723
-0.095717296,5.7007585
30.921442,7.900544
-33.507477,8.971095
-35.715206,10.094962
-34.67895,12.3300705
-35.244644,11.876151
-33.468334,8.966173
5.6122103,35.8697
19.192034,-67.17489
20.595882,1.3608445
-0.2991611,-4.835168
-14.7495,-34.518024
-14.732806,-34.498543
0.9889121,-4.7839665
-10.547122,-32.026707
-11.294718,-32.224342
1.0429444,-4.7990246
-11.290377,-32.23705
30.43648,5.7580085
-11.800711,-31.73536
-11.835703,-31.69277
-11.928513,-32.848522
-11.869167,-32.857086
-11.928566,-32.848648
-11.869167,-32.857086
-10.336672,2.3475537
22.06928,2.7075977
-10.606026,1.9677628
20.593838,1.3531597
20.593685,1.3530233
22.004837,2.585762
20.467432,1.2049516
-39.305073,-9.748137
-1.7677696,34.199707
-1.7679187,34.19918
-38.457626,52.683914
-38.45928,52.683937
-36.731842,53.867622
-36.74436,53.882687
-36.79551,53.936096
-34.78444,53.336884
-37.254257,52.93505
18.323908,-8.725907
-45.85355,-16.811697
-36.74403,53.8631
-36.655777,53.88759
-34.57443,53.228386
-34.558216,53.227165
-34.118587,52.981064
-34.101112,52.967663
-33.645233,52.92666
-33.637283,52.924694
-33.76677,54.53962
-34.00033,54.677803
-34.0899,54.579987
32.8452,26.916748
-33.800083,54.909863
-33.95463,54.793587
-33.759663,54.654896
-36.261753,55.023945
-10.169287,11.684167
9.663535,13.860559
-11.042233,11.423132
-11.193436,11.11699
-60.05369,-12.786419
-57.10218,-12.741609
-22.463173,-39.905262
-22.46424,-39.898438
-22.461262,-39.898785
-19.758537,-43.668995
-19.758537,-43.668995
-19.782585,-43.674297
-18.735615,-44.975693
-18.735615,-44.975693
-20.599686,-45.32682
-20.536682,-45.433334
-20.32729,-42.94757
-20.327217,-42.94761
-20.327358,-42.947536
-20.485851,-43.034252
-21.090572,-44.506985
-21.090546,-44.50698
-21.157434,-44.409966
-17.87073,-45.982533
-17.870443,-45.98248
-17.870571,-45.982433
-17.87051,-45.982452
-1.5749543,-75.830124
-58.893955,30.266804
-59.49798,30.058384
-21.152899,-46.21019
17.936,-45.233738
-20.932169,-46.43783
-20.945223,-46.312782
-1.5044751,34.485245
-8.04511,-29.07972
-8.013805,-28.996492
-8.013527,-29.073996
-7.993296,-29.079607
-1.2335713,-18.661575
-1.4041306,-20.467697
-22.730822,-8.884711
-11.546717,-37.101536
-35.460155,20.861921
-15.6799755,3.2236874
10.018572,-20.638699
-1.3592877,-18.506977
-7.935414,-29.0761
-1.1368859,-18.610014
3.129461,13.044935
-1.1369077,-18.610142
-1.1367137,-18.610086
-1.5488421,46.243706
-1.5451033,46.246376
-1.5393107,46.247826
0.031100804,47.147995
0.09073011,47.125153
0.12503533,47.10645
0.17577906,47.07382
0.20901933,47.049854
0.24632627,47.02258
0.60132515,46.70713
-1.0893121,12.000015
12.371624,19.524115
-11.578933,-58.606762
-34.754677,18.853209
9.872805,7.689895
-12.403619,-21.648151
41.72427,6.719215
-7.309136,-45.9776
-19.546282,-32.30072
34.93343,-52.022022
34.925583,-52.147114
34.926598,-52.095703
34.795822,-47.899673
34.935074,-51.97788
34.935875,-51.97866
-60.60701,-11.839213
-60.3895,-10.950981
-32.857224,-15.494285
-32.864777,-15.49934
20.010078,-11.022815
18.978342,-8.784244
-4.9320297,32.90696
-4.822003,31.85725
-4.4238696,32.02177
-4.908914,32.01681
-22.452532,-7.1227326
19.254604,-17.338928
-4.9047847,32.03293
-5.0933347,30.734158
-5.095998,30.602745
-5.402489,31.155094
-5.0727034,30.981255
1.6690823,-6.830851
1.679469,-6.865159
1.6757963,-6.8419995
26.73594,-58.30647
35.73199,-4.0344195
-3.733437,32.115902
-3.6646998,32.104397
-22.396484,-7.1113453
19.25909,-17.333855
-16.543352,-20.632801
-14.175254,-0.43900147
4.91664,45.45644
4.767856,45.465935
4.745963,45.464924
6.962636,15.209059
6.958079,15.202455
-61.64607,-12.173474
-62.180042,-12.826309
-61.6172,-12.081907
-40.99889,-8.830877
-25.087498,-21.756233
-60.88732,-15.651671
-26.579437,-7.448222
-30.212887,40.37198
-32.709488,36.406116
-33.60531,37.120094
-34.5502,27.487331
-29.89896,33.56346
-29.916832,35.215816
-33.2779,32.66572
-27.854599,34.615944
-28.358612,39.641056
7.580033,9.837414
-32.393467,37.928463
-29.541737,40.836998
-23.865982,-6.6899686
-29.802773,34.561638
-30.72001,28.419712
-33.29927,32.643364
-27.192272,31.488981
-24.664356,36.448696
-28.176348,27.142988
-40.188473,-10.442383
41.76449,-3.166834
-24.860813,31.2521
-32.839893,37.22281
-50.762074,34.358025
-27.116968,31.659729
-30.797918,28.614388
-31.664782,36.136715
-27.023485,40.825005
-35.42121,21.119322
-30.259975,34.493763
-34.54959,27.486712
-29.987883,32.28043
-29.37505,41.934628
-33.067764,38.59455
-25.06379,28.148127
-33.662823,32.25833
-31.658356,38.128513
-28.274574,40.40496
-25.730824,32.997684
-32.039803,35.864548
-29.745298,39.671803
-28.097538,33.153805
-25.63615,32.71577
-29.931278,35.204075
-26.815481,28.695858
-30.807121,25.931147
-32.773453,29.194654
-34.953175,19.82215
-24.180454,28.275986
6.6895814,6.489126
-31.778013,38.063587
6.226198,6.367054
16.861063,-28.105047
-25.830072,-7.658159
-28.192705,-33.707985
-30.038246,35.532677
41.758663,-3.1906202
-7.8567247,29.881262
-29.973219,33.344654
-25.151964,28.147722
-24.942484,36.693863
-24.192213,28.278336
-32.894382,29.50747
-31.695854,38.104443
-7.2628455,30.644217
8.568573,5.5256834
-27.699709,34.59383
-29.745546,34.599895
-27.116776,31.659788
-32.03393,26.669264
-27.396936,33.344303
16.815933,13.522351
-29.361584,31.651638
-31.36606,26.584518
-26.219275,30.174124
-25.123522,36.735634
-7.326352,30.656046
41.463627,2.0855734
-25.6342,32.60923
-27.116625,31.659863
-24.18823,28.280058
-27.496853,19.809017
-27.193459,31.59234
16.854877,-28.082458
-26.0033,34.890938
39.42582,-2.1070743
-26.16357,30.310474
-33.37153,38.356766
-27.832273,34.69584
41.237408,0.8486942
-32.012955,26.667952
-30.13456,33.4457
-32.10643,26.367416
-34.358368,27.30786
-30.939407,40.29354
40.18374,17.999384
-7.696421,30.22123
-29.642992,40.80549
-33.505825,36.680546
-27.810135,34.597347
-31.720675,37.238514
-27.434246,40.003826
-50.29296,33.207195
-25.843298,41.259674
41.29801,1.6450653
6.2402544,6.2653213
-30.149275,33.316406
-32.96648,32.907246
-27.314095,28.808361
-26.436918,28.477348
-28.181812,41.30497
-7.768686,14.699713
41.085148,1.2917244
-27.71115,34.409466
-24.6077,31.071804
-47.064724,-11.059665
-38.38534,25.373905
-26.56553,34.17856
-27.938837,37.239265
-32.771908,29.193916
40.5376,18.16012
-32.87321,29.454058
-30.71811,28.398891
-28.156668,27.155565
-27.93531,37.179756
-31.74552,36.203228
-26.696138,35.32524
-28.049496,35.103424
-27.58793,32.236
-27.995571,35.111908
-26.094835,33.634705
24.398863,-40.14348
-31.05481,27.333755
-50.45061,34.133247
-32.762814,36.31439
-31.370422,26.63765
7.5788794,6.3857102
-32.342464,38.732048
-25.568079,32.580532
8.5088625,5.516925
-35.42776,21.119951
-26.547167,30.651058
41.643486,1.7841493
-31.394938,26.641825
-50.622284,32.918163
-26.74497,35.391037
8.160403,5.9394646
-29.965687,35.1857
-29.808937,34.56407
-34.938454,19.833803
-30.71662,28.597046
-25.983372,27.690279
-27.326586,39.863037
-27.937384,37.17649
40.702354,18.241299
-7.7702093,14.699828
-29.909601,33.32304
-26.614746,28.579443
-25.778635,41.289677
-24.936172,36.681355
-14.289513,32.764397
-25.538105,34.367283
39.40867,-2.1355336
-28.845139,42.172134
-28.434523,40.391098
-50.17227,33.38741
-31.847404,36.04672
16.583551,14.495096
-7.351256,30.742847
-29.918427,35.181313
70.59583,-27.43323
70.5428,-27.09711
70.260345,-27.363962
70.152664,-27.19713
70.07321,-27.032682
70.0729,-26.716326
69.23848,-27.012934
69.14381,-26.950024
69.00652,-26.879307
68.791016,-26.727621
69.07986,-26.647232
68.92776,-26.596273
68.112755,-29.323925
68.06093,-29.292265
68.61043,-29.419048
68.48775,-29.300312
68.97004,-29.196507
68.77533,-28.745375
68.71245,-28.58796
68.668625,-28.456682
67.37898,-28.842873
67.638214,-28.53158
67.603615,-28.422495
67.92401,-28.014343
67.74013,-27.853191
67.85937,-28.086445
67.64565,-27.901104
69.53645,-29.537237
69.5334,-29.064724
69.48748,-28.850489
69.38592,-28.724684
69.32622,-28.563442
73.61492,-26.770283
73.56359,-26.721537
73.17172,-26.734056
73.14091,-26.731441
73.66751,-27.374157
73.62893,-27.245583
73.342834,-27.414019
73.22938,-27.352585
73.07644,-27.158268
30.030891,-22.941698
30.049513,-22.871841
30.021816,-23.020262
-19.459892,-26.669786
42.830143,2.3921864
44.24227,5.8472376
44.236855,5.850042
44.22482,5.824713
44.272907,6.041355
-1.5388619,-58.100647
-2.6539178,34.685173
19.46403,-7.6661763
10.06856,-27.480505
6.7891574,-15.60935
-22.289318,11.151287
-24.720736,11.998165
-24.297562,11.5631
-22.594032,11.311711
-21.37489,12.580103
-21.094995,13.116574
-20.990278,13.318164
-22.82456,10.917972
-22.889343,10.9079275
-22.895508,10.886959
-23.110586,12.40804
-23.10841,12.404765
-23.654243,12.946926
-23.767725,13.026691
-22.837305,12.186831
5.75909,-43.097065
22.252268,-45.167885
22.032093,-44.44999
-21.730999,11.088161
-21.729593,11.088241
-21.773705,11.076822
-21.785492,11.060805
-24.211712,8.320068
-24.179003,8.283113
-24.366556,8.778133
-23.496664,8.565147
-26.742182,8.811388
-26.782356,8.609867
-26.764656,8.589455
-24.965515,7.3821583
-25.100885,7.4124856
-25.142141,7.397209
-24.139841,8.451095
-24.147818,8.408689
-24.195805,8.844289
-24.113914,8.35988
-24.21841,8.845375
-23.490562,8.612793
-26.74413,8.810141
-26.785614,8.599916
-26.766289,8.579977
-25.097847,7.4145417
-25.138502,7.399761
-24.656387,8.757474
-33.165905,0.21683443
-23.413908,7.5269804
6.402628,-16.778776
6.41029,-16.747372
6.2895627,-17.000822
6.388438,-16.794867
6.270801,-17.037647
-53.799862,3.2608788
-62.045246,-2.856056
-61.713184,-1.3918152
-61.573185,-3.6435604
-61.7585,-3.1613517
-61.82143,-3.2189898
-61.776703,-3.1967278
-61.980804,-3.7670538
-56.76404,5.127145
-60.831493,-2.8548899
-55.540867,4.0200343
-60.18379,-3.5455794
-37.500374,9.076987
26.207083,17.867992
26.463747,16.58287
26.327192,18.120121
25.035404,17.76566
25.86724,17.292433
26.049927,17.614895
26.619778,17.639627
26.34595,18.049583
26.590496,17.991825
26.247528,17.900373
26.335106,18.12045
-69.55196,6.990461
5.7263813,3.8379688
48.63098,15.853474
45.172226,16.948612
43.745205,17.895197
43.714485,18.103973
43.64065,18.17868
38.838055,21.004496
38.839638,21.01026
38.84068,21.008692
38.839928,21.010912
45.933372,17.289122
45.20351,18.449596
45.186653,18.551857
45.17348,18.605614
47.678387,16.910198
48.606182,15.906186
48.653973,15.968381
48.694603,15.989188
45.253326,16.976097
43.98276,17.902525
43.96841,18.08509
43.880444,18.152311
9.661879,8.495803
-47.114677,2.119651
-16.864908,-27.942799
-17.110704,-27.777212
-22.939936,-10.099786
19.12157,-17.425104
-13.822668,-37.612213
0.41635835,14.22888
24.017958,-29.324583
23.880724,-29.333864
22.687094,-29.03979
23.895473,-29.401293
-22.365683,-10.559728
-22.359682,-10.553734
-22.332376,-10.5764475
-23.021395,-10.092277
-26.652996,-9.339151
24.029093,-29.386705
-20.808119,-27.700771
11.203673,40.633976
10.796958,40.646603
-46.041298,32.803604
15.239661,40.45273
15.255155,40.438194
15.224551,40.466682
-14.45377,34.287098
63.322327,32.646465
63.228683,32.35194
63.32372,32.640247
63.323364,32.668785
63.22227,32.34682
63.34156,32.7031
59.901962,34.577286
59.93021,34.426453
59.08035,32.152313
59.08422,32.1654
59.06504,32.15849
59.83021,33.93584
55.971066,32.085144
56.115902,32.00044
58.682976,36.48748
58.80111,36.173763
58.64556,32.51707
58.64961,32.843082
58.73186,34.4289
59.036613,34.92055
59.1657,35.58119
59.142223,35.678185
59.142334,35.67839
60.59131,35.709366
60.416584,39.04415
60.417103,39.044254
60.417103,39.044254
59.14829,37.434772
60.42366,39.037933
57.896713,34.120884
57.913998,34.24811
11.5282545,-61.85992
12.98831,-22.889648
13.530449,-23.110134
13.55071,-23.025991
13.505525,-22.668541
13.451956,-22.549347
13.054904,-22.706587
13.61733,-22.657852
14.2829895,-21.17084
14.283532,-21.17349
14.269056,-21.215765
13.682275,-22.978373
14.178587,-22.869549
-1.0155267,-1.4169801
-1.0152485,-1.4179661
50.49229,17.98095
50.48624,17.973577
48.99638,26.364044
48.994263,26.36311
33.468723,27.213238
33.469364,27.215185
33.67536,26.475363
33.67321,26.47469
-7.6901083,47.17582
-7.686369,47.184856
-7.693401,47.176502
-7.6895227,47.184795
-15.967975,4.972964
-15.96693,4.9614077
-15.966777,4.95842
-15.85783,4.358045
-15.857891,4.3607025
-15.85879,4.362185
-15.735069,3.6480982
35.98813,10.8018875
35.990654,10.801904
35.995186,10.801366
39.185146,9.758554
39.175835,9.745078
39.177704,9.746328
44.203175,25.176027
44.20525,25.173803
45.61227,24.051807
45.554718,23.744133
45.156216,24.384516
46.64829,24.134916
46.659286,24.13597
44.865612,23.749516
44.95143,23.76549
44.967888,23.830029
44.991776,23.838013
45.000996,23.845818
44.259808,25.210546
44.59206,26.776285
44.584362,26.747074
44.58482,26.755615
-19.456251,-34.67127
-19.635342,-34.576218
-5.1670237,-31.044964
-6.033752,36.644936
-4.5802307,-30.007145
-26.208065,-8.433825
-6.040127,36.667114
-10.651887,-37.438416
-6.4300413,-34.812073
-10.287845,37.55271
-6.4665875,-34.88116
-10.508424,36.254936
-7.9969783,-33.554073
-10.597224,-37.43224
-5.164066,-31.130835
-6.038477,36.6055
-26.210806,-8.434811
-26.205622,-8.4362335
-6.804705,36.12209
-10.589795,36.11048
-22.441267,-8.338569
-8.854371,-35.837173
-10.545372,-37.485367
-8.942163,-35.856133
-1.4170996,-21.023521
-10.077464,35.91079
-7.184413,33.681286
-7.815194,-33.57953
-7.1748323,33.695965
11.134867,46.678234
-6.757591,35.98676
-6.644845,-31.992538
30.550266,15.445866
-6.9086742,34.0756
-10.106247,35.913815
-6.2921147,34.696327
-34.098457,-52.15771
-2.0666895,22.166786
-6.287363,34.694927
30.559488,15.44769
30.560429,15.449119
10.045736,-20.585276
-45.32061,15.323371
-7.2727904,-33.483524
-2.0977757,22.22376
10.0462265,-20.574759
-7.2943473,-31.703508
-8.290355,-35.0334
-8.097726,-35.01516
-7.1539774,-31.805798
-7.677349,-35.093227
-6.390471,-32.158386
-6.7605305,-33.707676
-6.126135,-32.73562
-6.2772703,34.730797
-6.407387,-33.944572
-8.288341,-35.044792
-45.311344,15.315504
-6.3456817,-33.98734
-8.031099,-34.96692
-9.178887,-33.533596
-9.105986,-33.538345
-6.4440227,-34.777523
-6.2615666,34.74492
-8.597467,-33.225273
-7.512723,-33.90809
-22.439997,-8.340552
-7.411118,35.983032
-6.8236017,35.96404
-7.896187,-33.480022
-9.229498,36.772892
-9.921894,35.574623
-7.437503,35.899662
-10.499141,35.853252
-7.955926,-33.369694
15.695287,-51.75354
14.113466,-50.7649
26.094196,-2.133475
-4.8174605,-31.226994
-4.7816386,-31.134773
15.871742,-53.185745
18.102995,-53.06773
27.188314,-1.741393
27.216602,-1.7110833
27.497541,-2.8181362
26.319834,-3.8150206
26.336048,-3.753472
-9.172706,36.759136
-23.714592,-6.744682
-9.196648,36.546307
-9.15445,-34.049347
27.08788,-1.8389504
26.10143,-2.1391706
5.558926,-47.051727
5.52229,-46.976357
-2.0132318,22.073183
17.939959,-51.16145
15.980178,-53.405643
16.276312,-53.521534
18.102926,-53.304882
16.421984,-52.357346
17.96664,-51.19147
27.588264,-3.706988
27.644606,-3.7013075
18.332424,-53.4016
16.421938,-52.357433
16.422136,-52.35746
16.507439,-52.39254
18.260468,-52.2233
18.326628,-52.24666
26.115854,-3.2562168
26.133318,-3.2316182
27.385221,-2.9731727
27.423717,-2.9845085
15.99438,-53.42341
16.298735,-53.53901
18.095526,-53.32998
18.335676,-53.422695
16.19932,-54.694725
16.410177,-54.668156
17.8125,-54.623234
17.883335,-54.640785
16.214937,-54.75524
16.426453,-54.72299
17.772387,-54.733326
17.840557,-54.731873
15.678136,-53.807976
18.57758,-53.684334
26.07353,-3.0398808
26.080492,-3.024372
27.608332,-2.7899823
27.73122,-2.8093398
-54.7443,3.106989
14.859281,-52.8872
14.839743,-52.888657
16.389725,-55.705437
17.36862,-55.628197
18.446764,-52.040916
-10.715192,37.5538
26.5354,-4.3448873
27.26776,-4.2494063
15.86664,-51.40235
15.973186,-50.98272
-9.785739,37.913544
-9.166113,38.045364
17.69062,-51.09509
17.123295,-50.706413
18.304832,-50.471382
-12.218602,36.8187
-10.689271,36.73743
-12.685574,38.059425
-12.422368,36.676426
-12.0321865,35.391376
-49.176334,34.040165
-49.129795,34.127228
-49.17089,33.459198
-12.432883,38.86158
-49.400692,36.664276
51.408253,13.294655
-48.259712,33.55432
-11.212547,38.653065
41.472996,21.673101
-48.90695,33.70009
-46.36834,35.397575
-49.079918,34.477787
-49.402504,36.664272
-49.444485,32.988846
-14.443798,39.604008
-14.5099945,39.837532
-49.243263,33.254158
-49.33874,33.9243
-12.453179,38.91223
-11.209735,38.711296
-48.87911,32.965122
-49.39259,33.454853
-49.11451,33.440598
-9.454079,38.64307
-23.700356,-15.566581
-23.914885,-16.015238
-24.013966,-15.959783
-24.03465,-15.995402
-38.999287,-10.739868
-23.695007,-15.575658
-24.034235,-15.939157
-24.086918,-15.973472
-24.623905,-16.012255
-23.816854,-16.514381
-24.75134,-15.09905
-23.994074,-15.9685135
-27.564945,-33.12965
-77.92181,5.63711
-77.14899,7.0069094
-77.92095,5.662572
-79.0135,5.275582
-78.652054,5.3745623
-76.65159,7.810782
-77.85438,5.7955613
-76.735886,7.509339
-75.89573,9.496728
-76.73134,8.008948
-78.25196,4.6689057
-76.98329,5.416249
-76.109116,8.305464
-74.98838,8.191442
-77.23777,4.7132955
-79.11067,6.56356
-76.55738,5.611483
-76.58466,4.5089145
-76.34647,5.366255
-75.489426,7.949602
-75.97813,6.5871058
-77.81134,7.997918
-77.92568,7.127365
-77.8218,7.9999676
-79.499054,4.7318473
-75.958496,4.4809957
-75.27186,5.8436184
-77.70693,7.173517
-75.897316,6.61333
-74.25061,8.853252
-73.76943,8.728103
-74.309105,9.06344
-76.294495,8.649245
-76.1359,7.562571
-76.55767,9.107969
-77.8218,7.9999676
-77.8218,7.9999676
-78.37659,8.645311
-78.376686,8.645158
-78.33502,8.887552
-79.58817,9.09601
-79.270004,6.9093366
-74.783615,14.561905
-75.14397,14.035382
-75.31038,13.799134
-74.791725,14.528475
-73.84667,14.986918
-74.79443,14.518528
-74.09589,14.83685
-74.79226,14.528591
-74.903206,14.772572
-74.903046,14.774849
-75.340164,13.754314
-78.78747,7.9610925
-79.877655,8.652961
-77.95026,8.563692
-80.08838,9.264949
-78.168495,10.495545
-79.6119,8.949142
-78.376335,9.068593
-79.58358,9.204444
-77.97037,8.36989
-77.85855,8.617889
-80.01394,7.7707796
53.04082,10.80678
53.0475,10.811395
-60.17449,-3.6029344
-60.208652,-3.55427
-59.88944,-3.3111892
-57.288708,-5.117804
-41.07792,-8.933111
-53.775383,3.971425
-60.61241,-2.9950454
-60.348576,-2.784619
-60.285915,-2.7491004
-60.530243,-2.1673198
-61.186485,-1.4958668
-58.369358,1.5236124
-61.380043,-1.2830526
-54.381878,6.5875573
-54.691486,4.548066
-53.47917,4.6870193
-53.49375,4.6680627
-56.65067,-2.4360323
-56.65262,-2.3944674
-60.602962,-4.169885
-60.613766,-4.152806
-60.618713,-4.156974
-57.29385,-5.8834863
-56.85021,-6.0919313
-56.889793,-6.0667963
-56.859406,-6.0947165
-37.706028,10.012937
-54.483765,5.4579334
-53.967384,5.595038
-20.234505,-27.603796
-17.945528,37.118828
-19.235714,39.4307
-17.323975,38.719852
-17.645185,39.03517
-50.18359,33.662655
-50.25025,33.68969
-19.257624,39.510155
-19.19616,37.74281
-17.370863,36.79941
-18.380476,36.9848
-35.18809,21.054964
-17.91729,37.187252
-18.365173,37.01764
-18.36182,37.012173
-17.983286,37.23377
-17.61927,38.33333
-17.26702,36.316303
-18.641577,33.431156
-44.46728,-35.942745
-18.691294,33.672802
-18.55944,33.026398
-18.594362,32.997322
-18.634594,33.42574
-18.624557,36.85116
-15.847722,37.89036
-15.848017,37.8902
-16.381634,38.57035
-14.739903,35.952213
-15.786148,37.872803
-15.786451,37.872726
-14.748616,35.954697
-0.4967935,29.224638
-0.84852046,29.467497
-2.5379634,9.767222
-14.391711,-25.811155
-1.7103199,9.441334
-4.2125163,-55.04989
-4.559874,-54.516216
-3.5674329,-55.377144
4.056598,6.973082
4.830745,6.098547
4.1792397,6.4697275
5.0264215,5.8216634
5.5755873,6.715932
1.0549995,31.208157
1.054485,31.207132
9.430784,5.279593
4.0897727,5.884536
5.039333,5.441419
4.543678,7.447199
3.826771,7.2136273
11.134831,47.78888
3.3171332,5.9255853
11.324124,47.72619
11.27595,47.107445
11.379099,47.545696
11.340049,47.650787
-2.3536816,9.153504
-10.246872,9.913396
-2.6425633,9.782662
-14.296514,-25.744394
-14.052794,-25.72525
-0.6624611,-51.463127
-0.6200346,-51.771107
-0.8226115,-52.13061
-61.283222,-20.037554
-5.241548,-25.730083
-10.322251,29.937574
-30.344866,-1.4774704
25.793753,-27.639168
3.3040357,-65.48516
4.8080297,-64.55478
18.387045,-61.577213
18.391737,-61.49903
18.401443,-61.468887
18.439108,-61.336796
18.68772,-60.315502
18.708788,-60.094448
18.814678,-60.16959
18.717793,-60.20015
18.680214,-59.479954
-26.521511,35.639732
-25.05425,36.74883
-26.800337,36.102196
-24.871284,37.68079
-3.9677145,-2.7651136
7.7154856,7.5000186
5.0910783,5.311683
-3.9887593,-2.7728121
-5.911346,-1.1260736
7.506353,7.886481
4.0966225,6.013803
-3.9779356,-2.7538958
-5.9450955,-1.1655351
7.220798,8.165887
2.5865562,4.8126082
-3.8729491,-3.0322926
-5.774159,-1.2613131
2.5835135,4.7268524
-23.004898,-68.81571
-24.467152,-69.06776
-23.939358,-69.27297
-26.895369,-73.44286
-26.564722,-72.63371
-23.638884,-68.87246
-23.15013,-69.681114
-17.925005,-76.95833
-28.986576,-64.559784
-21.9565,-70.10433
-22.026436,-70.29337
-22.08553,-70.41681
-22.132877,-70.45216
-22.137136,-70.446655
-21.47197,-69.94229
-21.875229,-71.373604
-21.39041,-69.938835
-21.598335,-71.761604
-17.756876,-77.02037
-17.79689,-77.02732
-21.913559,-70.679436
-21.31655,-72.27512
-22.058075,-76.377846
-18.022516,-77.98257
-23.962091,-77.119064
-28.978796,-64.5702
-24.331293,-71.6981
-23.704123,-72.33065
-24.331293,-71.6981
-23.704123,-72.33065
-26.652596,-72.20192
-27.09756,-73.19827
-26.652596,-72.20192
-27.09756,-73.19827
-23.599466,-70.008224
-23.599466,-70.008224
-23.15013,-69.681114
-23.500185,-74.03334
-23.479055,-74.09885
-23.468334,-74.1689
-23.444113,-74.203094
-23.445562,-74.206635
-23.583683,-74.804245
-22.75342,-73.848694
-23.550142,-74.89176
-22.239864,-74.02458
-18.311172,-76.98397
-18.265663,-76.98719
-23.032213,-74.491165
-21.973576,-74.52399
-22.291433,-76.291824
-18.40236,-78.03877
-24.03768,-77.05407
-28.980928,-64.58032
-24.076965,-73.35949
-23.783989,-73.378395
-26.522774,-74.439606
-26.401587,-74.53472
-26.291344,-74.62753
-26.24254,-74.662994
-26.222773,-74.6825
-26.643948,-75.28651
-25.528204,-75.060234
-26.611753,-75.386246
-25.344606,-75.49528
-18.656374,-77.03597
-18.631348,-77.03267
-26.039703,-75.00524
-25.14226,-75.826256
-22.596119,-76.4961
-18.568365,-78.035164
-24.445494,-77.014534
-28.980581,-64.593216
-25.674635,-73.75577
-25.627132,-74.01403
-27.702225,-74.20688
-27.587988,-74.2707
-36.399998,19.958576
-36.523197,19.948084
-0.039573837,1.4747602
-36.39392,19.958727
-28.050589,-8.330976
-28.04831,-8.329944
28.759388,-16.157986
-36.482643,19.934704
5.483872,19.341894
5.4905972,19.346773
6.273093,18.867804
6.2633715,18.878138
-34.243523,51.79038
-34.518375,51.785004
-35.40975,51.738213
-36.96341,52.452446
-34.365963,51.689594
-34.960403,50.33368
-35.36539,51.72422
-36.540573,53.099453
15.399227,-13.0539055
-33.969837,51.71744
-33.808804,51.704758
-33.64943,51.611946
4.722974,32.252174
-33.01032,50.897903
-35.457462,50.293716
-34.075794,51.96095
-33.83847,51.926064
-35.312134,50.32108
9.226918,-47.089493
-4.2894483,-32.99713
-4.230964,-32.968147
7.1973467,-48.707245
-1.9728343,13.956678
41.201675,12.680314
41.21998,12.674949
41.35278,12.690653
47.452824,5.7100177
2.2876225,24.089447
-9.252022,19.032238
-9.215656,19.275175
-9.237429,18.940907
-9.467674,18.654129
-43.299553,-35.050636
-12.956402,18.662289
-10.037881,20.13861
-10.374992,20.265636
2.6798196,-27.956287
-5.902706,-0.33732885
-5.9102325,-0.44884458
9.959772,8.323133
40.391098,-0.39949182
40.59595,-0.04375521
-60.555363,-12.127466
49.972893,-18.051992
50.06222,-18.033922
50.099575,-18.020689
50.261036,-17.918285
50.765102,-17.801577
50.334988,-17.466188
40.738636,0.07322256
49.76072,-18.121569
50.181496,-18.508894
50.21334,-18.493416
50.24913,-18.482567
49.643257,-17.551031
31.009867,6.9308295
-27.976791,-10.476231
-12.788028,-25.360397
-12.796662,-25.08648
-17.925575,10.617987
3.1914034,15.318291
-0.14765957,11.895387
0.1909637,12.066227
0.24590422,12.020769
0.8712518,13.757877
0.8957447,13.2282
1.5815051,11.132259
1.0767618,10.148107
-11.953356,-7.0754232
33.38502,0.4978277
0.7909609,13.37827
3.5007677,15.134856
1.3499559,13.505756
3.698338,15.1205435
0.87811565,13.311035
3.50772,15.120134
2.652289,12.921104
3.498713,15.132364
1.1840798,11.772191
0.94043577,12.179739
1.8605813,12.216902
23.920109,-47.99842
-6.955269,55.396927
-6.570566,54.66235
-3.962871,54.77178
-3.8780293,54.76547
-6.085988,54.61812
-6.7538185,55.21188
-6.9078975,55.327084
-6.9904394,55.354843
-7.2910986,55.509937
-7.3760676,55.55967
-7.4707713,55.631516
-22.134636,-7.615059
3.8711922,11.170331
24.521992,-40.159557
24.523226,-40.159184
24.518314,-40.159622
8.686639,-52.935867
27.342741,-51.441734
26.762003,-50.415108
26.723755,-51.006237
-3.9478452,10.100235
1.6359903,10.7136965
12.314663,45.656425
-1.0764982,29.574202
-4.472073,-44.538612
2.3154027,-51.434258
-41.062374,-27.327541
2.015725,-1.2553796
-11.062286,-12.40096
11.381069,47.905823
3.365715,19.314497
14.442593,-1.3928843
10.414855,34.47644
41.76874,-3.180324
-7.1645794,-46.06756
-48.33866,3.442683
2.9459846,23.810266
9.745753,-59.113255
-61.37116,-14.858543
56.097946,3.8030684
55.710842,3.719231
54.47046,4.394682
54.477055,4.38396
56.13186,3.7613037
54.41667,4.217821
32.657314,6.314563
-10.090237,33.02299
-4.017508,-13.881743
-20.974085,-0.97266465
-20.911139,-1.005402
-20.982742,-0.9692787
-20.972923,-0.9732742
-20.956558,-0.97732854
19.271753,-22.682253
19.337683,-23.037327
19.338087,-23.04041
19.338768,-23.038921
-19.336975,-34.810627
-19.644152,-34.59265
-18.795654,-32.57437
38.85728,-18.29564
13.155034,45.627277
13.186295,45.629948
13.163903,45.630913
13.185551,45.628105
13.3015785,45.622883
-22.80741,43.92167
-22.804125,43.926315
-35.74666,-2.696802
-35.763615,-2.0447354
-34.333782,-2.1814895
-34.169582,-2.200703
-28.17305,-23.12156
2.5229585,11.397415
0.48401174,-53.20146
-10.302971,29.993326
-10.399351,30.100077
-17.799719,10.084294
-7.602744,-25.009295
-7.0168495,-25.69014
-6.1226225,-26.879738
1.7267138,-50.61906
-4.2558603,-40.071003
-4.3247967,-39.942215
-4.3284135,-39.94587
54.93764,8.044768
54.94054,8.049409
50.672314,11.216021
37.605457,8.365502
-2.2514923,-42.661297
28.971624,46.48739
-48.610634,32.072853
57.55235,6.7598515
57.55665,6.7622147
5.7345695,-63.95621
-7.6200495,41.812458
-7.5331416,41.711014
-5.340626,41.138042
8.110258,-47.728855
-3.0389166,-32.20908
-2.961503,-32.264294
3.0164845,-39.620678
7.5425525,-55.13345
-23.42397,-10.460736
10.765894,-45.564556
-27.970907,-33.6159
-29.610073,-23.564419
26.360855,34.05743
26.518923,34.279762
26.566582,34.38084
26.52606,34.29087
27.22858,34.4218
26.465105,34.082382
26.369127,33.867157
26.293423,33.6052
25.975573,34.642303
27.108095,33.686104
24.824347,33.779613
23.620474,33.491642
-33.873386,18.865276
-34.03077,18.844858
-5.320704,24.412289
-27.477655,19.745275
23.631535,33.477394
24.86093,33.982967
26.244867,33.573303
23.747478,33.312534
-5.3540845,24.351109
23.761395,33.41566
24.809374,33.799225
24.85138,33.783337
-14.422166,19.428555
48.22441,12.038512
-13.014206,18.261942
21.1361,-10.084329
-12.965252,17.117352
-13.437372,17.952656
39.077286,-9.97581
48.22436,12.037943
-10.06093,20.419878
-38.668613,5.8119006
-12.959067,18.574795
-38.670536,5.812123
-11.868259,18.615147
-9.560622,19.437208
-9.786389,21.217482
-11.169172,20.58849
13.498146,29.432135
-15.291509,19.953272
-3.768337,37.59884
-31.245249,-49.51846
-31.235249,-49.558582
-31.214916,-49.5823
-30.992203,-49.44826
-3.5318885,-3.7362123
60.144337,39.498257
58.15032,35.591576
58.332924,35.590885
57.308586,35.676567
57.58909,35.641544
58.066822,35.37653
58.078274,35.368645
57.762264,36.702152
57.769485,36.45027
59.8153,34.457874
55.982407,32.079468
56.27508,34.75701
55.92321,36.411663
55.83146,36.361702
58.03083,35.709953
58.226192,35.73382
55.91791,36.407867
60.11697,36.543648
60.120564,36.540882
59.045002,35.705505
57.077583,37.6394
56.016,37.25497
57.07196,37.653313
3.0174522,8.355288
0.4652153,1.8121918
32.414906,5.7667966
32.625988,5.7437177
33.000813,5.0189624
3.055205,8.326447
31.290247,3.5597208
56.1301,3.7304418
31.306078,3.5917776
55.738174,3.6292484
32.426353,5.7433987
54.37984,4.185712
-16.034006,5.528519
-13.806269,8.405388
-13.623533,8.94015
-13.63245,8.9477415
-13.646084,8.952531
-13.64802,8.956405
-11.922136,9.963621
-11.914933,9.920415
27.039867,2.794329
27.039047,2.7942128
-12.514581,9.814553
-12.504424,9.809693
-12.602959,9.9145775
-12.603706,9.897365
-12.6594515,9.949345
-12.669748,9.935639
-13.156465,10.434328
-13.15498,10.429109
-19.90038,10.590226
-20.227417,10.632313
-20.21475,10.632885
-20.217438,10.629052
16.154102,5.3740582
19.39537,-9.267835
16.126488,5.408657
14.961848,6.4857154
-1.5574312,56.082092
31.658112,-65.7973
31.402262,-65.59376
31.36743,-65.60185
31.390263,-65.70295
-4.0445485,55.629044
-3.9137988,53.856632
-2.2484798,55.63498
-2.2548058,55.63042
-2.280143,55.618565
-3.2555249,54.391792
-3.795195,54.79648
-3.9189453,54.778843
-3.9293704,54.766693
-4.2687516,54.822124
35.024975,12.51728
5.892775,12.267354
35.173473,12.814829
35.158157,12.792114
1.7601854,22.909994
1.7175418,22.917452
1.7486362,22.903475
1.7052511,22.912935
21.355116,-58.03681
21.192987,-58.152073
21.34799,-58.115017
21.348341,-58.117603
48.426773,-8.474104
48.43666,-8.478822
48.441135,-8.48391
48.453262,-8.496006
48.44974,-8.504418
48.442753,-8.499076
49.519844,-7.822417
-19.2284,-34.915146
-19.333765,-34.809803
-19.640242,-34.591454
-18.728464,-32.402073
-18.795168,-32.566936
-18.795235,-32.567177
-18.795227,-32.5673
48.505768,-10.098897
-19.184238,-17.1492
-19.275398,-16.840342
-19.258217,-16.890608
51.538166,5.70922
43.783062,4.5379186
14.200288,8.130072
15.002208,-12.602119
-27.947878,-33.59132
21.998419,8.234475
21.995396,8.235014
44.31762,20.727608
44.32271,20.7885
42.999763,20.146059
43.636635,21.474638
42.866844,21.338081
-3.83107,38.17295
-3.8426998,38.19127
-6.2875104,39.89262
-6.301585,39.934994
44.31106,20.570415
44.297386,20.6763
44.29121,20.70985
43.010853,20.115398
42.991917,20.218393
42.98768,20.25547
-6.885317,37.299202
-5.6942596,40.981598
-3.7318778,38.432667
-6.4267435,40.477768
-6.622092,40.601624
-5.718786,40.985313
-6.636133,40.621174
-3.9018025,-32.878567
8.086185,-46.844604
8.083375,-47.72308
6.6787925,-46.05029
8.201802,-49.53095
14.592287,-1.7484511
14.594183,-1.7497038
14.612668,-1.7834803
14.616386,-1.7873465
13.459915,1.3451138
13.50829,1.3403782
13.789718,1.5502682
13.934189,1.4587212
14.096303,1.1618775
14.1801605,1.1915196
35.68385,5.325913
35.614338,5.3921127
35.501247,5.182724
14.057079,1.5845383
14.048003,1.5970736
14.0494585,1.5930384
14.048419,1.5979125
-11.509824,-22.449997
-9.583581,-21.842896
-11.0973835,-21.473402
-10.768917,-21.418009
-10.516015,-21.292574
-9.309099,-22.277586
2.9246519,-67.77216
3.7012126,-67.327515
3.02754,-67.73735
6.1367564,-22.781538
6.1368318,-22.780815
1.9639901,-19.641392
1.7554859,-19.768347
1.8430264,-19.829697
2.4653316,-19.872004
2.4763894,-19.891367
2.1819775,-19.999535
2.4759462,-19.874832
2.511563,-19.876324
2.2498817,-19.982988
6.0059457,-22.664984
6.002121,-22.663239
-34.431473,37.891357
38.303375,16.80894
38.27832,16.812885
35.908894,-35.410088
-32.75317,55.22073
54.293083,15.433157
54.10805,13.939794
54.11207,13.95171
54.177917,13.64163
54.09956,13.9625635
-61.873634,-15.306081
-5.978301,-1.2435639
-4.1957955,9.802884
9.044963,-37.54767
-2.247731,-46.775387
9.04376,-37.550102
24.384716,-62.007557
-1.1036619,11.848778
12.37222,19.526129
12.369755,19.525904
12.369693,19.527088
-2.0248463,11.3599825
-1.3475953,11.674464
-2.5059078,-40.260235
-4.23541,-39.743404
-39.588646,-9.708604
-3.1792452,-40.927395
-3.1527812,-40.94052
-3.1963358,-41.086998
-3.1851912,-40.93121
-3.1475654,-40.89614
-33.31548,-3.2417257
-2.4271135,-13.644425
18.160404,28.589836
18.699419,25.268518
18.667969,25.150381
21.102514,23.13912
18.69767,25.26512
19.4906,24.884262
21.20153,23.522425
18.541405,24.670816
18.653326,24.181583
18.754911,25.222084
18.728992,25.241562
20.421179,23.08702
20.361113,23.056541
20.90894,23.682104
19.529873,24.968214
18.563633,26.119192
20.143137,26.573246
20.206024,26.647896
40.368103,38.598724
40.368618,38.59893
40.36837,38.59603
40.368332,38.59526
40.3675,38.595802
40.36784,38.593914
40.373142,38.58845
5.723837,-47.89836
-3.163642,-31.45111
5.88111,-48.00518
5.7905397,-47.91609
22.492619,-50.390263
26.1372,-58.87315
-3.3984153,-30.963694
-3.2622795,-31.39641
-3.3745599,-30.839947
-3.113305,-31.473492
-2.3510168,-30.653708
1.8198549,-31.306782
2.0548215,-31.384806
1.4528344,-31.996344
2.1710048,-31.64454
3.0886972,-32.169212
3.0365565,-32.57502
1.2723824,-32.08793
2.7284405,-33.08641
2.8052173,-30.668554
2.2202785,-31.673206
2.3114045,-31.760569
2.370947,-32.94179
2.7096553,-32.799923
-1.4983644,19.894117
2.2581613,-34.50437
2.2393854,-34.519726
2.64203,-32.94805
43.908287,4.6002326
43.929783,4.6070232
51.372307,5.725336
51.361504,5.72865
48.271336,6.2782645
51.48007,38.008232
50.802086,36.496853
50.81543,36.503757
50.913616,36.68097
51.515816,37.211792
51.526222,37.194565
51.540413,37.550037
51.57918,37.607346
51.514538,37.1801
51.559772,37.08306
47.499413,39.63125
47.499817,39.63067
47.51532,39.615128
48.534294,38.348602
48.54585,38.340775
3.241496,-11.840139
3.242673,-11.81145
50.800312,-23.140478
51.092243,-24.91179
50.56806,-23.048992
50.26652,-25.14459
50.53761,-23.012152
50.227444,-25.122059
43.08141,-31.846455
44.292095,-31.671759
45.727634,-31.325165
45.594467,-31.498878
43.11776,-30.862934
51.04012,-24.9532
51.586857,-25.889889
50.7425,-24.060501
51.84077,-24.804165
52.282173,-24.982983
52.35282,-24.77044
51.98404,-24.522608
52.028046,-24.439283
52.07359,-24.366268
52.12135,-24.29171
52.165787,-24.215014
52.745136,-23.85289
23.256817,-3.446062
21.388254,-54.02564
-10.921342,46.885075
-49.60258,32.22415
-10.986605,46.885662
-10.647847,47.35295
-10.636594,47.356766
-10.225343,47.9209
-10.213022,47.93536
-7.565963,56.863605
3.2819824,36.37343
-35.198246,19.290762
-32.636944,-1.3739854
-32.755257,-1.7333466
-32.88178,-1.7872479
-4.0416512,-15.216729
-38.39762,25.32293
-35.089172,19.42209
-2.8921432,-15.090943
-28.871033,-23.325468
-13.011922,-7.577265
-36.045147,-2.6922455
-53.605392,12.469149
-53.48791,4.6794147
-54.796448,4.7437987
-58.21215,1.7341762
-55.071796,4.7896914
-54.79624,4.7440853
-54.796215,4.744229
-54.778107,4.9906197
-54.90716,5.3577714
-54.35738,5.5826097
-54.42499,6.5550995
-55.293495,5.7398696
-55.414764,5.752006
-55.724724,6.2269545
-25.048433,-27.867044
-60.56251,-11.765201
-60.562885,-11.770258
-60.5591,-11.7955
-60.38416,-10.942128
-16.68707,39.66785
-18.607618,-4.4909725
-13.250857,-10.065947
-12.103378,-11.228837
-40.7152,-44.452526
-14.330517,-10.791706
-8.739417,-9.611592
-43.658894,-35.26542
-7.6934533,-6.7282577
-16.68313,-13.658499
-13.01038,-7.2570415
-12.983564,-7.769479
-11.134617,-3.541599
-11.125592,-3.5396352
-11.12273,-3.5297828
-12.590089,-8.389121
-13.09082,-15.172455
-13.093097,-15.175678
-13.090936,-15.2039995
-14.152361,-7.589466
-14.308785,-7.613044
-13.251054,-10.086333
31.02615,-65.52213
31.018435,-65.52747
-36.91846,-54.05664
-37.39572,-53.80972
-37.562057,-53.044113
-34.491543,-52.185074
-34.43737,-52.205574
-36.889187,-53.22536
-34.477623,-51.910484
-12.959535,-29.88103
-13.500445,-28.252768
-14.338176,-28.694363
-12.803245,-28.481722
49.508175,6.319836
49.468403,6.3255486
-7.279652,-6.13411
3.582521,1.4031208
6.8651094,4.986125
5.9034057,5.475134
6.2862177,3.9983013
-11.674622,9.6712055
3.7198799,4.7216353
7.3564086,1.6084496
4.983459,8.799398
5.0400395,8.443006
3.7176757,4.6823726
9.470884,46.297344
-44.515278,-0.37486538
-45.720257,2.9877002
-46.913387,2.0995743
-46.80599,1.9731369
-46.637745,1.6142194
-47.81677,4.91013
-46.909904,0.4743297
-46.553104,1.5835971
-45.594303,0.9144428
-48.20221,1.2034461
-44.439034,-0.4691769
-40.55739,-9.442155
-42.37484,4.9190583
-47.808376,4.8872223
-44.556633,1.1180924
-47.089146,2.6231105
-46.67857,1.8070384
-42.37165,4.9266653
-46.5944,-0.006112882
-46.633514,1.602046
-45.50822,1.1355577
-47.03724,1.636622
-44.229694,1.0955749
-46.22353,1.8164761
-48.13797,1.2096574
24.477194,23.836151
13.534362,-13.747874
24.238207,23.77171
24.239456,23.771605
24.873302,-62.0031
24.858278,-62.03362
24.902225,-62.014606
-7.5159183,-6.490807
-21.522562,-24.611053
-21.509089,-24.635063
2.8474915,38.150326
14.967874,-61.713043
-15.086453,-32.103886
-29.000492,-52.28922
-29.083418,-51.32818
-29.226156,-51.710014
-5.5240245,14.036092
-49.75844,14.474932
-50.34295,14.047968
-49.755695,14.480047
-50.240383,13.072647
-50.19995,13.198651
-48.92035,13.5465
0.16585648,-27.852856
-36.478546,-54.965466
-37.26255,-55.101486
-36.53718,-54.95953
-37.248207,-55.131542
-36.469257,-54.998146
-37.251846,-55.164833
-37.437935,-54.464615
3.7624774,50.267654
5.2828693,50.368256
6.0963035,59.340305
6.4107347,59.59841
1.7935139,50.464184
1.7485871,50.47335
3.2159426,50.223568
3.2320986,50.22236
3.6714456,50.261475
3.6827235,50.25465
3.3719206,51.15834
3.650479,51.21864
5.4591002,50.466423
5.4544506,50.468235
6.281458,59.389114
6.6467776,59.0172
-1.6309187,42.04237
6.134898,59.295975
5.5377817,58.60265
5.87508,58.051495
4.314225,53.53394
5.4753203,58.47772
4.629585,53.83778
4.860024,53.771976
4.6016345,53.854706
5.5257945,58.465244
4.619772,53.881718
5.634669,57.5275
6.0313835,57.930637
5.654299,57.599445
5.5317965,58.61188
5.8727245,58.05834
-46.954426,-24.61464
-44.158424,-22.412277
-41.15561,-27.269972
-49.695538,-26.02665
-45.696053,-27.158253
-49.52072,-24.628027
-45.404892,-19.48952
-44.38222,-23.407019
-44.298714,-23.222584
-44.91629,-22.966719
-45.15366,-20.132643
-48.858917,-21.403336
-44.63521,-23.479612
-45.144978,-22.369345
-43.392487,-23.305082
-39.59554,-17.06544
-44.10361,-25.542997
-44.634453,-23.478344
-44.883385,-22.975357
-44.37865,-23.19173
-44.71854,-23.209574
-46.029472,-24.596964
-45.460262,-19.421711
-46.419872,-23.801054
-44.236923,-25.601786
-46.158558,-24.850615
-46.38787,-23.836493
-45.460453,-19.420456
-49.508068,-24.630945
-46.324993,-24.381414
-41.16944,-27.26758
-46.32662,-24.383223
-46.339565,-24.389725
-49.69069,-26.024397
-45.72561,-27.124193
-46.32819,-24.388693
-48.857178,-21.410475
-46.20874,-24.276564
8.745304,41.386364
8.955157,41.266273
53.973194,-1.450951
-4.028914,-36.663643
-16.730186,-26.525465
-3.5504014,-55.687904
-19.581839,65.52502
-20.603598,65.26264
-19.476757,65.51638
-10.116243,2.593187
-19.76056,73.288605
-20.422544,73.30534
-69.5977,6.98282
-10.371062,6.248581
-20.501059,71.99142
-10.08175,2.6202183
-15.985346,64.56457
-10.215673,3.1371107
-11.448055,5.609835
-18.313843,15.841086
-9.537784,2.371984
-10.429859,68.03066
-13.016653,68.10597
-11.490774,68.6979
-10.347769,70.41896
-12.301276,65.23693
-15.740154,60.49623
-10.738979,68.28429
-48.365784,12.140747
-11.624475,5.541446
-19.472427,73.5355
-22.951548,68.619225
-22.95313,68.61907
-19.83526,74.4425
-19.4176,73.2772
-19.721947,73.36877
-19.156755,70.784966
-19.274246,70.01666
-18.712862,71.210266
-18.779543,71.00396
-19.469288,70.849304
-18.904621,70.6669
-19.172588,69.95159
-19.170908,73.34472
-19.357487,73.4521
-18.547426,70.92971
-18.502758,71.1395
-11.582594,68.87416
-15.422593,69.05138
-12.949196,68.17471
-18.063498,74.41154
-10.306047,7.0112567
-11.054199,69.8388
-11.407789,69.082
-11.164233,70.060745
-11.44776,69.01915
21.075129,-65.40453
21.061636,-65.42884
21.068432,-65.420586
21.107859,-65.388855
16.471573,47.698814
32.431953,33.160126
26.883959,-52.61929
26.88448,-52.612526
26.886377,-52.690186
26.871437,-52.650787
26.873632,-52.647076
-2.442666,-9.380394
-2.4344187,-9.43279
-2.4006155,-9.384628
-1.9736787,-9.648601
30.15326,-22.013687
-3.5461936,5.810753
-3.563392,5.801989
9.494758,12.696443
9.534027,12.776452
1.4351357,30.879553
-16.21849,-26.027918
3.525746,1.328933
2.021569,-1.2512975
2.036968,-1.2257657
3.4658206,1.2338854
1.8641798,-1.5298901
-12.21786,-24.14563
0.626187,-41.840843
-7.3985977,-38.837284
-7.4223046,-38.838806
13.862844,-33.281467
-2.1723688,5.292836
0.40196,-46.571392
21.056206,-49.671173
-27.48347,19.740286
21.121958,-49.742905
21.432714,-50.000668
2.9611442,23.788519
-49.76592,14.489317
-11.572173,-58.583946
-11.572165,-58.58398
-11.571307,-58.583523
-11.568642,-58.63041
-32.914757,-11.256832
-3.886179,-58.283573
-3.231285,-58.446056
-8.944236,-43.042904
-8.944542,-43.044857
-8.945164,-43.04691
14.9380045,-61.717907
-1.1500907,-56.385323
-19.098898,-54.81464
-19.180952,-54.891068
-19.190012,-54.868084
-19.19714,-54.853554
-19.203325,-54.83724
-19.184685,-55.084927
-20.495476,-54.964516
-20.450853,-54.966187
23.948502,-47.950996
30.508503,6.1653714
-39.400677,-9.785529
44.67786,10.665692
44.63557,10.674019
-8.373673,26.4136
6.0836954,26.479912
6.1549397,26.433617
-28.035887,-10.534141
-60.01554,30.49149
-80.79173,12.274583
-80.780495,12.248568
-14.12743,-28.98747
-12.443526,-28.796103
-31.860104,-49.862095
-12.038082,-38.52693
-32.3155,-50.118904
-32.569305,-50.279163
-12.017347,-29.323793
-10.014884,-39.024025
-11.743288,-40.260944
-11.35442,-38.831005
-13.280841,-38.16369
-12.230057,-38.295788
-12.038289,-38.53019
-12.048211,-40.09237
-11.507402,-38.569073
-11.890174,-38.568905
-11.3205385,-28.746187
-11.290238,-28.942642
-13.783633,-29.196634
-11.946744,-40.076008
-12.126724,-37.471878
-11.852658,-39.559513
-11.8687935,-39.56469
-11.947049,-29.390163
-12.528634,-40.15124
-14.4082,-28.115261
-13.025128,-27.691753
-18.544374,3.1484365
-18.540676,3.1497185
37.27122,51.637863
37.27122,51.637863
41.861816,51.617535
41.861755,51.61762
37.272346,51.61216
39.31157,54.076344
39.311504,54.076385
39.311504,54.076385
39.31157,54.076344
39.210663,55.14738
39.210663,55.14738
39.14736,55.04471
39.14736,55.04471
42.408234,56.35383
42.408333,56.353783
40.133553,54.98323
40.133553,54.98323
39.91868,54.396847
39.565006,55.544323
39.610287,55.588753
39.620632,55.592743
42.875656,60.45926
38.96421,55.997913
40.04193,55.65642
40.33468,55.88396
40.98319,55.010117
47.657272,54.194534
47.638462,54.229595
47.62657,54.261307
37.642334,54.627056
37.643406,54.629147
-39.838406,-11.30365
37.013584,49.364326
38.799656,48.928505
30.20541,47.147434
39.12417,49.006763
36.941353,49.4885
33.696136,56.653282
-15.461775,14.497076
27.530975,19.192451
39.702038,52.725
-15.720102,14.183898
-15.533292,14.0790205
-15.443432,14.132754
-15.457249,14.193434
37.74242,48.232803
37.646564,48.170544
35.06833,-2.9752486
-4.3778844,48.77953
-4.3742313,48.778393
-4.3722916,48.777367
-20.44572,29.109787
-20.423586,29.107624
28.76289,54.81007
28.75533,54.80559
27.10839,55.034824
27.377174,54.278915
27.955547,54.488384
28.684046,55.08519
28.760044,53.370167
33.571068,53.602272
33.56833,53.58947
33.441566,53.20376
35.324963,51.382492
30.023169,46.677204
29.899826,46.625732
29.972105,46.614624
29.869963,46.59907
28.766817,54.811142
28.775343,54.811043
29.423756,55.132183
16.508114,-70.966415
-11.062286,-12.40096
-28.455484,-23.151957
17.5137,26.32065
-3.313511,-32.899452
-27.95137,-33.63908
-28.89032,-50.71146
-11.926737,12.201102
47.533592,-45.20415
47.479355,-45.22702
47.4205,-45.235058
47.37985,-45.22604
47.304806,-45.201176
47.221302,-45.056595
47.189457,-45.02245
46.091927,-45.947155
46.083992,-45.961838
45.74324,-45.044037
45.69235,-45.41666
45.68832,-45.877815
45.623543,-45.79581
47.73374,-48.13765
-32.825756,-15.464516
3.7791824,-37.197525
33.15914,4.5219426
3.145507,-10.754666
-5.93436,23.119734
-5.930633,23.116802
-1.611762,19.237984
31.764692,-64.3221
32.159855,-64.99153
31.666103,-64.514336
31.79912,-64.65109
31.858482,-64.657295
32.009914,-64.66306
32.06241,-64.65318
32.128433,-64.625084
30.980797,-64.237076
5.691468,12.30219
5.877125,12.267836
5.6392684,12.320894
20.123224,-9.872102
33.246704,9.545067
33.279747,9.513824
53.728,5.181558
34.906418,12.457543
1.590316,11.493327
-76.99333,9.525354
-3.6670995,-23.088268
-3.6281302,-23.11788
-1.9717736,-14.436665
-21.965485,-8.3634
20.031582,-10.254191
-3.611774,-23.133947
-2.9314873,-23.170397
9.238448,-25.649654
9.815146,-26.802607
9.603054,-26.175047
-40.486835,-10.064534
10.604811,40.633224
20.22106,45.789364
-45.52181,36.020607
14.635954,52.357876
-16.492172,-27.995771
-15.644485,-29.381382
-15.496915,-29.38932
-7.010722,-30.83435
-13.46619,-38.000553
-10.872595,-48.789017
-16.79135,-27.693037
-34.574,-46.794178
-14.25228,-28.711588
-10.163483,-50.306587
1.4131901,-49.615845
-34.76834,-46.85019
-10.012496,-50.601875
2.1501634,-49.2448
-10.185443,-51.006584
-10.143924,-50.3646
-10.191193,-51.040733
-14.407943,-28.516752
-34.578266,-46.798996
-12.769607,-28.510672
-10.068388,-50.481884
-21.723972,-7.610573
-14.454063,34.286797
-14.652776,34.592594
-2.6965528,-18.338408
-2.8458934,-18.40747
-2.7697992,-18.365728
-22.919847,33.737537
-22.350115,33.037292
-23.078728,33.73662
-23.147982,33.92338
-22.280348,32.897778
-22.028938,32.613113
5.822807,-41.45211
-50.29924,4.965971
26.471369,18.940132
-50.292908,4.991926
6.938317,-43.63125
32.609596,33.040768
4.296753,-43.353786
6.754223,-42.42762
6.805009,-42.43359
7.708006,-42.120834
7.855302,-42.095356
8.169136,-42.079514
8.700984,-40.793167
9.140445,-12.311871
9.204322,-12.269945
9.184278,-12.307802
7.219855,-40.134956
7.2884502,-42.943214
8.119653,-43.478714
15.798111,-46.923573
15.7812805,-46.88069
6.9254913,-42.68287
6.9419656,-42.414886
6.9419656,-42.414886
49.91177,15.520722
30.609644,-59.68846
30.608143,-59.689342
-22.163788,72.11454
-22.182264,72.59756
-22.309542,72.376144
-22.648016,72.68519
-22.643578,73.00372
-22.447712,72.639305
-23.043818,72.815346
-23.285774,72.784584
-23.103535,73.21991
-23.221687,73.291885
-23.274454,73.27414
-23.683083,73.435844
10.762078,-45.57148
2.3201494,-51.38067
-6.1044636,-27.02121
-7.1662025,-26.106262
-11.113711,-21.45746
-10.4183655,-20.61639
-10.176252,-20.561638
-9.581511,-19.816414
-10.144725,-20.585741
-9.6913595,-20.462093
-9.214496,-21.18303
30.294052,44.887135
30.294271,44.898632
30.28005,44.948868
30.12042,44.83745
31.2279,43.727516
31.16326,43.615147
31.234138,43.746185
31.376188,43.474438
31.946632,43.164097
30.509577,43.521507
43.65031,0.98531544
43.652348,0.9224342
43.654034,0.89539164
43.663578,0.86402154
43.5389,0.738762
42.90019,-0.028373418
42.8959,-0.0633876
42.890404,-0.079161346
42.6463,-0.17446293
45.532974,-0.8032361
45.719044,-0.73542994
44.915874,-1.3393352
44.959225,-1.3258185
45.67532,-0.7843819
45.815407,-0.7363151
45.0915,-1.1955287
45.081516,-1.2610824
-8.271515,37.891495
-16.493734,56.88817
44.944347,-0.98594475
30.897165,-5.258016
33.215073,-5.0357614
34.15265,-4.5996366
30.864056,-5.2463603
33.092766,-5.177474
33.19495,-5.0241156
33.24519,-6.1085453
34.137676,-4.5860763
33.526993,-4.18419
34.402897,-4.723729
34.341965,-4.733682
33.02287,-4.443193
33.518036,-4.188736
33.18138,-3.7491117
33.726143,-4.067063
33.062077,-5.0826383
-15.460605,-29.292908
1.9068862,42.944695
4.079358,42.73017
4.031356,40.905888
2.324145,42.15644
3.2138515,42.41977
1.9447042,42.95097
39.645367,25.169184
1.9085497,42.81573
2.3340416,42.266087
29.682272,4.9320645
-4.7491317,1.1744946
-4.652803,1.3113589
29.492292,-44.496086
-6.8454733,-1.0844994
-24.28578,-21.426142
-19.336943,-26.710548
-26.734922,36.55384
44.933647,-33.3699
-1.6123197,19.23564
72.780785,3.6515465
72.806755,3.6710813
72.52909,3.2169044
72.92014,4.3386354
72.90935,4.4038215
72.90935,4.4038215
72.79759,3.5232916
71.72013,1.9003123
73.24441,3.549648
70.75963,4.167186
70.372284,4.486311
70.760704,3.3841271
71.60489,4.847525
71.68982,4.9897766
71.68982,4.9897766
69.7067,3.866404
71.010506,1.8130218
69.63534,5.178684
70.57498,4.269592
70.242325,4.65832
70.63966,3.378901
71.10436,5.46482
71.21771,5.595564
71.21853,5.5954237
69.6616,3.983309
70.99929,1.8141979
69.67196,5.219284
70.58348,4.2630286
70.240425,4.638868
70.653275,3.3877492
71.28391,5.2165904
71.53383,5.476855
71.53383,5.476855
69.67443,3.97866
71.00269,1.8140231
69.65913,5.2067723
22.803926,-60.230194
0.66568696,14.807701
-7.596099,14.088423
46.545197,13.955297
-44.810593,4.3524866
-58.742844,30.84761
33.21743,62.14684
-0.21671359,28.738777
-23.083725,0.55401903
15.267274,13.835573
21.755487,-28.622112
16.651915,-68.63732
-24.046732,0.67138296
-70.686195,6.8036695
-5.7222977,12.587216
-23.298578,-0.27779573
19.255709,14.560471
-23.172,1.2244513
-4.433742,-22.77061
46.8396,14.195691
-18.19697,11.7550535
28.448696,-12.754392
1.0717838,6.595106
-22.861118,-0.61204696
42.412144,15.841713
43.322594,-47.053566
-15.130875,-23.700268
9.820705,13.210357
-24.29075,-0.3104785
16.490183,-70.26529
-24.47701,0.9976933
16.430498,-68.86335
1.0706859,5.778144
15.558192,-68.37178
-2.898097,-66.20548
-39.5344,-16.96458
-44.002342,-34.135014
19.438412,-17.913519
-14.821942,-24.85433
-10.905631,18.186216
-36.128193,21.499046
17.066202,-69.82152
-6.068266,-20.129126
13.514746,-13.817268
13.743194,22.285635
2.4659634,7.008628
37.07638,6.4839582
-23.344133,0.031203194
2.0492208,30.143572
-8.579983,26.316065
-22.850054,-15.282315
16.363424,-70.36588
-23.861782,-0.36205006
44.489063,-43.071472
19.981771,-66.748184
17.952934,-47.750538
-23.556904,27.094286
15.737754,-70.64857
16.60316,-68.7723
16.808271,-68.4322
32.756268,0.48730376
-24.013603,-1.124456
1.0005336,-58.78022
14.970718,-68.081894
7.7809253,10.308255
16.366186,-70.38018
33.487072,2.0869951
9.529488,75.825836
9.552309,75.79884
6.4035063,-46.036274
6.7458744,-47.69477
6.945513,-47.765553
6.420311,-47.63962
6.66988,-47.30429
8.086987,-47.71756
7.6873784,-47.249844
8.055725,-46.79594
5.400818,-38.443016
5.4123373,-38.453556
8.168708,-46.15686
-2.3861225,-32.377388
8.376538,-46.35223
6.5432706,-49.05824
6.834193,-49.46918
6.69859,-49.33111
13.568743,-34.93667
13.561576,-34.91539
13.773032,-33.258175
16.729359,-33.01281
13.473158,-32.05387
-8.667669,-10.337553
16.262613,-35.390736
16.281775,-35.438652
34.742764,-47.628067
16.31906,-35.64225
16.310322,-35.63622
-1.58707,-15.545041
-18.898407,-55.22486
13.741168,-33.259327
13.457507,-13.856837
16.429428,-33.941372
16.305023,-34.18898
16.452494,-33.938396
16.78128,-34.09329
13.836823,-33.276947
14.016115,-33.241257
13.917769,-33.381718
-13.975732,62.29141
-13.919831,62.303616
-13.944486,62.3071
-12.500291,61.963367
-14.094934,62.480694
-14.616159,60.74878
-15.139893,61.102856
-15.277724,60.574898
-13.163062,64.6138
-12.950735,64.90179
-13.311523,65.27233
-12.976605,64.868416
-12.532034,64.4486
-14.1044035,62.48083
-14.307753,59.651413
-14.747157,60.797924
-13.928901,62.278744
-13.892112,62.28373
-12.451625,61.964924
-12.22883,61.935173
38.943226,-19.241503
35.957108,51.226593
33.781174,54.913162
33.78115,54.913208
33.782555,54.909935
33.76331,61.50996
33.79627,61.470913
33.789524,61.479923
36.481236,58.801456
46.367683,54.48562
36.511997,58.8105
46.35253,54.479286
36.523994,58.78077
36.54283,58.794266
37.738205,58.815216
33.249393,57.83924
18.157469,29.13321
25.077614,53.303905
40.052475,-14.35777
3.1964476,-39.118786
-32.580948,-45.63665
-32.51447,-45.655132
-59.8967,31.561901
-59.926716,31.559967
-59.952686,31.560232
-59.97571,31.561731
3.5316951,-37.87958
3.541907,-37.875195
4.9510794,-38.21247
18.900723,-8.406453
-16.682781,-13.658247
-14.88057,-11.111271
-14.442099,-10.64363
-43.528862,-35.303127
-8.832463,-9.535175
-8.331202,-8.677891
-16.673573,-13.619975
-8.843804,-9.526284
-8.818601,-9.532297
-14.893982,-11.116863
-15.846933,-8.911642
-15.85661,-8.91643
-16.058548,-8.827077
-2.85833,13.016915
-2.5972795,13.038116
-2.3951256,12.805304
-5.9077616,14.099936
-2.2612538,-54.568764
-2.8681245,-15.187156
-2.7444186,-15.084412
-2.9223328,-15.151484
-11.755429,-24.017673
-2.989134,-15.170725
-11.628411,-23.701872
-12.401138,-24.515812
-1.5788442,-15.541564
20.255766,-10.49669
-17.214512,10.607654
9.773081,-21.243412
12.872173,-33.13324
-2.7508044,-15.140029
20.135519,-10.309385
-11.086617,-27.26802
-11.072244,-26.96289
-17.694057,10.609813
9.953203,-20.733511
-10.854641,-26.465912
-6.5493073,66.68591
-6.549464,66.6822
-6.5500245,66.67435
-6.5066304,66.25395
-8.374396,65.9712
-8.367526,65.96294
-8.366128,65.953156
-7.4962316,65.13324
-8.230692,64.43955
-8.222141,64.43193
-7.5194,64.63266
-9.396828,65.87331
-9.360494,65.85816
-8.553445,64.070526
-8.546455,64.06217
47.617012,54.95377
47.60745,54.96461
40.164173,57.14965
40.507423,57.410343
42.946674,60.43276
43.746323,60.207695
-2.2278771,-46.80274
4.7680464,3.7763863
4.0728335,-43.424786
0.9052608,-47.56201
-0.49755302,7.340476
0.36694992,-45.894547
-15.442565,69.06224
-15.913858,-0.32940316
-28.21092,-39.485996
-3.6937723,-55.880352
-15.920504,-0.32866454
-3.9476702,-55.919086
-4.5856533,-56.026196
-27.957714,-39.168697
-15.931835,-0.32648447
-51.173916,34.46961
-27.96694,-39.19229
-27.953724,-39.183083
-16.843475,-26.550919
-4.028477,-36.691635
-10.6775875,42.983715
-10.669812,42.994694
-74.25822,7.000281
60.870422,15.478591
60.86054,15.491741
58.117752,17.159376
59.590633,15.769523
59.788082,15.674143
60.305614,16.436487
60.33183,16.429804
60.237507,16.52297
60.59019,16.525074
59.80878,16.542624
59.676983,16.433584
59.782906,16.508688
60.235863,16.30916
55.077965,17.077524
55.051067,17.060778
55.97067,19.867552
57.531876,17.022114
57.523964,16.986732
57.852432,17.9332
58.84455,15.309574
58.956623,15.272169
58.38259,15.593829
59.41676,15.784107
59.932507,14.961542
58.915585,15.232573
57.61399,16.950008
54.873135,17.073864
54.840065,16.99743
54.827637,16.981401
55.86433,19.901525
56.734715,17.087
57.388702,17.060799
23.69768,-50.454044
3.5645888,-63.43453
3.6979375,-63.598293
4.447701,-64.496155
5.851303,-61.647976
4.3753433,-64.62885
7.7450266,-64.82653
4.8613086,-65.311104
4.503528,-64.59747
3.2026026,-65.99363
5.4575014,-64.701614
5.5212336,-64.84771
5.885248,-65.768364
5.916384,-61.622482
5.872621,-65.78186
7.704175,-65.01503
5.9323187,-66.28638
5.8763056,-65.825035
6.4439726,-67.48812
6.443846,-67.48835
4.2127256,-64.8087
4.390824,-65.11982
4.904052,-66.10949
5.90284,-61.59094
4.8614125,-66.12241
7.7606874,-64.93408
5.282223,-66.568085
4.901417,-66.14951
6.2071533,-67.637245
6.2061033,-67.63782
15.41543,-3.4411364
15.424732,-3.4647284
15.425097,-3.4654052
3.591449,-63.99301
3.6168785,-64.146164
4.152786,-65.2385
-36.489025,-3.3143241
-22.915611,-10.121804
23.486448,-31.180481
24.448954,-30.274235
-2.092719,-17.835249
23.760292,-29.816212
23.834034,-30.321821
22.56161,-29.447464
9.528855,75.827225
-6.0309734,56.013756
-13.247356,-10.073997
-13.2255945,-10.0999975
25.645248,18.833702
-13.005015,-6.4677773
-13.100168,-6.1338396
-13.1101,-6.106791
-14.435594,-4.804624
-14.447836,-4.763994
-14.450321,-4.760259
6.543236,-6.2683053
6.5378685,-6.2537427
6.5546045,-6.262498
6.556603,-6.239848
6.5775642,-6.2478733
3.741481,2.9103901
35.884747,7.506717
-13.005501,-6.4675016
-4.3212104,-22.825787
47.88331,17.06087
48.05142,17.12458
48.11258,17.144842
47.75513,17.071648
48.01634,17.114807
48.31747,17.304514
47.986385,18.127886
-62.232704,-12.8584585
61.807507,-28.669401
11.1260605,80.86729
10.983158,80.80568
10.171884,80.92403
10.250918,80.9941
10.337993,80.79105
10.451848,80.256424
11.423739,81.23878
11.514477,81.038124
11.1451025,81.28534
10.954916,81.00763
10.28656,81.08778
11.083584,80.811806
10.495131,81.4622
10.674049,81.68131
11.325903,81.9834
11.823963,80.76533
14.440376,79.90846
14.341637,79.94126
14.225495,79.750626
14.584444,80.53118
14.538818,80.4035
14.515013,80.333176
14.665275,79.679886
14.6797905,79.724045
11.177307,79.61017
11.171415,79.61699
11.169468,79.603905
10.873047,79.51314
14.102215,79.35052
14.08802,79.33172
11.288732,79.611725
9.869508,81.93272
22.551704,-55.544964
22.548208,-55.541397
22.474543,-55.784836
-8.794126,-31.410223
-9.704832,-31.737415
37.643616,7.2100787
37.52036,7.0992413
37.511356,7.109454
37.226654,7.8060746
37.002598,7.7374773
37.272156,8.120271
48.000774,3.2853029
47.99651,3.2686694
47.995518,3.279388
47.995674,3.2640293
47.989025,3.259158
-10.949872,55.577095
-7.768544,52.70737
-10.949787,55.57973
18.094057,-7.4961257
-7.6969447,52.823235
-9.281669,53.465107
-7.7662225,52.715958
-7.700781,52.82732
-7.765055,52.7177
-7.7684417,52.702946
18.104572,-7.5096335
-9.2501135,53.46095
-6.4223623,52.177967
-9.640627,53.208904
-9.209054,51.432537
-9.206532,51.433353
-6.4256234,52.177876
-8.568366,50.81422
-8.570029,50.814083
-12.974455,52.245796
-12.968097,52.246647
-12.960594,52.24482
26.213709,6.491354
26.320269,6.43739
26.264057,6.4697337
26.379892,6.408426
29.410057,6.581281
26.48328,6.2950063
4.753108,9.471839
0.22028974,10.269179
0.614652,9.841362
30.178614,6.603982
0.4242889,9.421652
12.329418,-58.602894
12.313091,-58.60375
12.356848,-58.589237
-11.724349,24.510176
-2.6427262,9.790025
-5.887351,6.7398443
0.2314147,9.229706
26.54253,6.318672
29.09188,6.599913
39.18715,31.63232
39.16159,31.582535
38.888813,30.996262
38.893158,31.003883
-40.152203,-50.536465
-39.027966,-51.068497
-39.04035,-51.211906
-39.01705,-51.777252
-37.9614,-52.464878
-38.5891,-51.214767
-38.123627,-51.463444
-40.8536,-52.33311
-40.913975,-52.342754
-38.578312,-50.709187
-38.807037,-50.882523
-38.782516,-50.81152
-38.64805,-50.841946
-41.014423,-52.38572
-40.936768,-52.347076
6.664148,-16.089607
31.498709,-43.39295
31.506847,-43.39771
31.498775,-43.39294
34.77854,-47.788185
25.137535,-40.486443
29.915482,-44.165848
49.808125,-19.83029
20.251099,-9.632361
45.068085,-26.982355
48.328285,-23.905075
48.68103,-24.921133
49.000008,-24.803755
43.24769,-33.213234
51.088688,-24.911304
29.90801,-44.172123
48.97679,-24.855541
47.770054,-26.402002
47.20526,-26.826021
47.211823,-26.827312
43.991776,-31.76749
47.959927,-26.242834
47.5377,-26.576666
47.83849,-26.587698
43.73748,-32.308903
20.833714,-8.9246435
20.834518,-8.9164295
11.909985,27.172655
13.369151,28.468363
13.355104,28.410803
13.363296,28.55948
11.910805,27.173517
13.365166,28.457788
13.351861,28.400309
13.359532,28.539293
-45.654797,8.904213
-45.674606,8.826559
-45.652153,8.854771
25.069513,11.3918915
25.490524,11.712635
25.207878,11.100966
-45.557465,9.198006
26.3389,12.226552
-50.279633,11.762722
25.474508,11.715206
25.44923,11.716187
-47.105263,7.0106688
-46.428474,7.552547
54.7256,0.38633767
-47.14772,6.773486
-45.803585,7.9363346
-45.47065,7.783522
24.681585,11.553805
-47.854225,7.167807
-62.6319,-16.375454
28.746592,52.724842
41.397778,6.2371283
41.391693,6.1646957
-2.321076,-26.08604
-4.9885516,-32.88067
-2.3326247,-26.106144
24.505255,-19.572842
24.512825,-19.597864
24.465334,-19.429388
24.48628,-19.496023
-1.78183,8.031998
24.790968,-20.522264
24.81644,-20.665663
33.502396,-11.593072
33.528877,-11.572812
33.544342,-11.576709
33.543095,-11.577271
33.54693,-11.579542
-3.7796175,-19.00848
-4.0624375,-19.240679
-4.0707088,-19.241957
6.880018,-15.265585
2.553778,-51.822384
-28.849537,-22.740038
3.0267236,-62.61064
23.674236,-50.46181
-9.221351,-29.202448
-36.07684,-1.8805494
21.49762,4.122289
21.592186,3.8231413
56.617916,0.17953509
56.036606,-0.47749922
56.248123,-0.29954284
56.31251,-0.09305153
56.4785,-0.012113561
56.51534,-0.009220129
56.47165,0.42571846
56.105137,-0.045375615
55.813183,0.052917805
55.813866,0.0018605065
57.14694,-0.8808297
56.001865,0.25863817
-13.777831,-30.61645
-17.477745,-34.070137
9.279584,38.20097
9.673323,38.774544
9.594516,38.713116
9.663,38.857197
-45.59932,36.01034
-45.610443,36.000275
-45.610394,36.00053
9.892782,38.539875
10.745909,37.08913
9.6907,38.692314
9.919686,38.34481
9.718089,38.562668
12.049066,36.262054
12.093838,36.216274
11.544073,36.66507
11.599464,36.653336
9.446655,36.82758
9.069498,36.455463
11.143945,35.582993
10.543993,35.039276
8.892591,36.225403
8.493658,39.050358
8.390587,39.128647
8.571969,39.05216
2.1886568,39.16925
-52.79469,-2.4850945
-52.262478,-2.4714549
-52.262478,-2.4714549
-51.253025,-2.6661417
-51.233677,-2.671018
-52.20031,-5.6353054
-51.691887,-5.6286435
-51.691887,-5.6286435
-51.136936,-5.589037
-51.04295,-5.5934424
8.666103,-48.14193
-2.9065137,-33.268833
9.204568,-48.30114
8.938223,-48.22066
20.974483,-47.173542
10.510382,-49.92646
7.7603354,-48.48315
-2.6976576,-32.83356
8.884135,-49.30353
-3.1035001,-33.5837
9.2278,-49.40198
8.894984,-49.634132
20.991407,-47.16417
10.423035,-49.973503
8.663063,-52.905357
8.933339,-49.646706
8.266217,-49.634216
21.016647,-47.154747
19.199713,-22.320616
-9.449702,5.1302385
-9.396588,5.1090884
-9.403061,5.121958
-9.387277,5.1103134
-8.944521,5.085022
16.755697,-41.105995
17.50439,36.336994
17.509262,36.339577
17.516024,36.3429
17.648672,36.480564
16.26432,39.59403
17.507864,36.33561
17.511667,36.338627
7.7112384,26.634443
7.688027,26.628563
17.18859,35.813217
16.26157,39.600388
60.416252,39.044144
57.350258,34.86747
-16.4657,48.46441
-16.487688,48.39498
34.889065,49.938812
71.51055,-20.712715
18.94403,-8.42646
12.703714,35.572056
8.673255,35.83972
-3.4279318,43.69305
2.303582,10.231931
33.983,18.615505
18.43931,-61.335606
0.14977725,-76.28739
0.5583544,-76.53221
0.521774,-76.23299
0.55850947,-76.53941
0.54518765,-76.54913
0.72866654,-76.595825
0.6650908,-76.258766
1.0099156,-76.785385
0.4881866,-76.01986
0.7246635,-75.59668
45.58386,-31.53047
45.810463,-31.346252
8.822612,-25.022104
30.059458,11.147727
30.06101,11.1505995
39.317566,5.4238577
39.342197,5.4578824
10.551516,-19.77275
30.848137,-64.24917
0.7087609,-50.25929
16.536413,21.932722
-3.2227259,39.4901
43.99437,-31.685574
43.973946,-31.628227
43.871845,-31.744442
45.020668,-30.841665
48.197834,-27.429098
47.975544,-27.439516
48.77127,-18.08498
46.381073,-25.339582
-15.476673,69.252525
44.700195,-27.707954
44.70761,-27.540192
49.480515,-27.017231
49.570507,-26.888376
49.345833,-27.574574
49.092655,-27.33349
49.15159,-27.288166
46.205486,-29.85927
46.549908,-30.291462
48.051506,-30.423742
48.70778,-29.386276
48.895107,-29.432749
48.095013,-30.450018
48.111477,-30.460497
48.20443,-30.594776
48.267986,-32.36813
48.290867,-32.42173
-33.6083,20.191322
-33.538197,20.185312
-35.98816,17.273085
-35.989883,17.268406
6.885911,-15.166827
-21.529585,-35.620617
45.58276,-32.718414
-39.574776,-50.37321
-39.093533,-50.05191
-38.53822,-49.32514
-38.54439,-49.166916
-37.82215,-48.31445
-38.05405,-48.595623
-38.014717,-48.53413
-38.278687,-49.368904
-40.651638,-44.674232
-40.664017,-44.6254
-44.474365,-35.970562
-38.555252,-49.123756
9.382981,-6.9881015
9.549535,-7.011205
0.35883856,1.7442697
-26.424726,-7.954935
2.248605,3.6759596
2.4017138,3.9479618
8.42893,-2.1735911
-32.887756,-11.236669
9.560279,-7.0071797
9.551071,-7.0118504
10.688829,-5.8714476
10.692775,-5.8684106
9.78234,-7.642478
8.967819,-8.490712
10.720543,-7.7222133
13.353136,-13.80678
10.001952,-8.110649
9.671501,-7.7119255
9.168096,-6.307312
9.1680975,-6.304892
9.01808,-6.0559425
9.022048,-6.0616336
0.19452246,-50.34724
-29.892565,-24.94337
-29.905373,-24.93668
-0.10432669,-51.856583
-5.090685,-50.819534
20.367094,45.457756
-45.629284,15.733191
3.01668,-39.620564
-16.4657,48.46441
5.4077554,-54.199932
50.516617,15.503144
-6.5650406,48.504692
5.838942,-29.447191
28.596323,-51.359554
52.54434,15.691157
52.564358,15.6833725
52.587822,15.681072
52.602444,15.675497
53.668827,15.846417
52.692284,15.390413
54.25662,15.509344
54.42314,15.467597
22.50321,-54.014526
22.52618,-54.019527
22.508049,-54.030212
25.493196,-57.977802
25.50571,-57.95719
25.471458,-57.925137
25.46019,-57.917507
24.728111,-57.651985
24.027391,-53.843037
24.03088,-53.85172
25.512096,-57.1795
24.498333,-54.21719
22.217611,2.9233377
52.04486,6.222842
-9.20455,-31.089157
3.1938362,-39.15681
31.046354,6.7520785
43.952885,-31.958084
43.93661,-32.06757
45.671154,-31.130709
-28.031073,30.838648
52.7524,-27.45852
52.75839,-27.449263
67.736015,9.819987
67.736855,9.818063
67.74196,9.810325
67.74841,9.800529
67.79325,9.71838
35.050037,-35.837162
35.036648,-35.78253
35.037327,-35.740475
35.018726,-35.706734
35.45158,-35.299942
35.065426,-35.845993
35.17118,-36.473846
24.036434,-61.219753
-77.51858,9.106407
27.978943,-14.054933
28.169086,-14.33019
28.184008,-13.885501
28.467758,-15.145064
28.174755,-13.91957
28.179287,-13.903452
28.22165,-13.725461
28.225454,-13.699036
-47.726715,34.142113
3.7223,42.186386
3.731729,42.196384
3.737609,42.201843
3.7475257,42.20983
-39.1731,-49.811142
-9.794174,-50.64197
-39.248894,-50.061157
-39.855145,-49.845963
-39.525177,-48.950665
-37.958782,-50.0266
-41.42762,-52.446842
-39.3623,-49.666927
-40.605797,-49.162506
10.270295,79.15525
9.7248535,79.69521
18.674091,-14.459511
-3.4231794,43.708057
-11.573767,-58.584938
34.645287,18.222301
34.646942,18.221025
34.64978,18.219862
34.324577,18.445976
34.32917,18.444319
34.331814,18.442709
35.09824,55.774296
35.125526,55.837826
35.150696,55.8662
35.445644,56.903088
35.061127,57.149086
35.061104,57.14903
35.348526,56.82171
36.03346,56.728436
35.03184,55.659653
45.32792,54.027103
36.519005,56.605183
39.938297,57.235023
40.192074,57.17148
40.210476,57.167465
40.236805,57.168015
42.950058,60.431023
42.185413,56.687626
42.94935,60.431572
42.944942,60.432133
40.377064,58.07664
39.320023,57.52938
40.981915,54.569942
35.531025,56.945915
34.739277,58.247475
35.465652,57.405483
35.52616,57.472046
48.255768,54.01929
47.591366,54.983894
47.59404,55.02659
47.652863,55.09469
48.436756,53.95375
46.474464,54.41601
47.694,55.59971
48.29808,55.01245
2.511596,50.215515
2.7380998,50.155674
2.7096646,49.653824
5.469643,60.06224
5.3266416,60.313274
5.2789288,63.839012
5.183071,63.6459
4.553461,64.51164
4.574549,64.502625
4.5948696,64.45726
4.515674,64.21399
4.5451574,63.55834
5.439875,62.708054
5.4150667,62.66363
5.418795,62.649582
6.275977,64.68081
6.275977,64.68081
5.5624957,64.12819
4.883249,64.75854
6.0742908,64.63833
5.8128347,64.27683
6.0946226,64.646286
5.447344,65.04488
11.593339,40.33638
-21.25385,64.95542
-21.226883,64.96847
-11.746722,24.540913
-16.794422,64.64804
-17.30014,64.97333
-17.286112,64.947845
-17.300642,64.918335
-17.633759,65.255226
-17.610142,65.16373
-16.518326,62.152744
-16.78746,64.31158
-17.93527,64.43673
-18.462988,63.259483
-18.234932,63.219368
-18.103615,63.209015
-16.524302,63.90804
-16.145891,65.715546
-14.250436,67.391205
-17.241287,65.199356
-15.935072,65.838005
-17.589148,65.296524
-16.509207,64.584305
-16.574642,64.840416
-17.063406,65.27541
-14.259378,67.38004
-20.571947,-39.362732
-18.786398,-47.503048
-18.717125,-47.589855
-18.78668,-47.414936
15.808569,6.973838
-32.535137,3.092172
-32.55491,3.0775683
-31.40612,2.710366
-31.40612,2.710366
-31.40612,2.710366
-31.945415,2.0458093
-31.987719,1.9546144
-31.991922,1.9222971
-29.195662,1.8098025
-29.192455,1.8091475
-1.4960852,-58.54897
-10.5781765,-20.513739
-10.220108,-18.609346
-10.059746,-18.387291
-10.779828,-20.080984
-10.761405,-20.125965
6.199706,-1.1008936
-11.407226,-22.248838
5.6959505,-0.41409445
5.696084,-0.4138996
5.696263,-0.4142076
35.531464,7.857157
4.8951335,-0.6222393
34.888126,8.273013
5.70405,-0.40771937
6.5369325,-1.5736748
18.898556,-8.404075
43.527206,20.291668
-7.6289015,41.820972
-57.998886,-17.50243
3.0567067,-25.081106
5.303754,-51.070454
5.303611,-51.068615
5.409932,-51.180683
5.4455814,-51.24346
-0.67293286,-29.790966
5.9741054,-51.34781
6.8589387,-53.735542
6.87373,-54.31737
5.625811,-54.161106
21.8453,-51.33755
13.910167,4.9654613
13.910157,4.965322
3.107309,18.961031
9.958717,-19.918041
-5.899958,-0.4095451
6.2521873,-28.187082
-34.47319,-46.90911
10.108094,-27.603453
55.537144,20.896967
25.249027,-27.710754
-21.04754,-36.089584
-0.92753774,-33.666264
-29.442778,-51.66241
21.444958,-13.236955
-29.319498,-51.688885
49.661068,6.646616
49.678978,6.6564145
55.54201,20.885632
12.689003,4.7694182
-3.1819134,-13.603368
12.555487,4.696716
40.226105,3.7673972
11.589912,4.357134
12.632618,5.099603
12.694182,4.76082
13.708085,4.530497
-16.494656,56.892563
14.324133,7.802886
47.532146,53.13166
27.226278,54.14275
52.05509,1.2247312
-40.28015,-8.700477
52.13137,1.2627238
-16.29433,-38.061954
-44.536503,12.245377
-44.372578,12.82629
-44.104713,13.063545
-44.552547,12.059642
-16.346401,-38.074017
18.867502,-10.327591
-15.680162,-38.039703
-44.54383,12.079758
-42.243614,5.4423823
-31.422863,-48.64113
-28.691166,-50.523636
21.06726,-65.409706
7.315652,8.2750025
50.515354,15.50344
49.867565,15.53873
33.95087,0.36990738
34.061695,0.30099082
33.96524,0.34771344
33.788498,0.4895651
30.726994,15.482435
